Entity,Day,"Daily new confirmed cases of COVID-19 per million people (rolling 7-day average, right-aligned)"
Canada,2020-01-09,0.0
Canada,2020-01-10,0.0
Canada,2020-01-11,0.0
Canada,2020-01-12,0.0
Canada,2020-01-13,0.0
Canada,2020-01-14,0.0
Canada,2020-01-15,0.0
Canada,2020-01-16,0.0
Canada,2020-01-17,0.0
Canada,2020-01-18,0.0
Canada,2020-01-19,0.0
Canada,2020-01-20,0.0
Canada,2020-01-21,0.0
Canada,2020-01-22,0.0
Canada,2020-01-23,0.0
Canada,2020-01-24,0.0
Canada,2020-01-25,0.0
Canada,2020-01-26,0.0036798737
Canada,2020-01-27,0.0036798737
Canada,2020-01-28,0.0073597473
Canada,2020-01-29,0.0073597473
Canada,2020-01-30,0.011039621
Canada,2020-01-31,0.011039621
Canada,2020-02-01,0.014719495
Canada,2020-02-02,0.011039621
Canada,2020-02-03,0.011039621
Canada,2020-02-04,0.022079242
Canada,2020-02-05,0.025759116
Canada,2020-02-06,0.022079242
Canada,2020-02-07,0.025759116
Canada,2020-02-08,0.0300523
Canada,2020-02-09,0.0300523
Canada,2020-02-10,0.0300523
Canada,2020-02-11,0.012879558
Canada,2020-02-12,0.008586371
Canada,2020-02-13,0.008586371
Canada,2020-02-14,0.0073597473
Canada,2020-02-15,0.0
Canada,2020-02-16,0.0
Canada,2020-02-17,0.0036798737
Canada,2020-02-18,0.0036798737
Canada,2020-02-19,0.0036798737
Canada,2020-02-20,0.0036798737
Canada,2020-02-21,0.0036798737
Canada,2020-02-22,0.0073597473
Canada,2020-02-23,0.0073597473
Canada,2020-02-24,0.0036798737
Canada,2020-02-25,0.0073597473
Canada,2020-02-26,0.0073597473
Canada,2020-02-27,0.011039621
Canada,2020-02-28,0.014719495
Canada,2020-02-29,0.014719495
Canada,2020-03-01,0.022079242
Canada,2020-03-02,0.022079242
Canada,2020-03-03,0.05151823
Canada,2020-03-04,0.08463709
Canada,2020-03-05,0.08095722
Canada,2020-03-06,0.12143583
Canada,2020-03-07,0.11775596
Canada,2020-03-08,0.13247545
Canada,2020-03-09,0.1545547
Canada,2020-03-10,0.1398352
Canada,2020-03-11,0.16191444
Canada,2020-03-12,0.25759116
Canada,2020-03-13,0.21343267
Canada,2020-03-14,0.34222823
Canada,2020-03-15,0.4599842
Canada,2020-03-16,0.50046283
Canada,2020-03-17,0.68813634
Canada,2020-03-18,0.9089288
Canada,2020-03-19,1.1812395
Canada,2020-03-20,1.7148211
Canada,2020-03-21,2.6053505
Canada,2020-03-22,2.9254994
Canada,2020-03-23,4.08098
Canada,2020-03-24,4.3459306
Canada,2020-03-25,4.864793
Canada,2020-03-26,5.648606
Canada,2020-03-27,10.362524
Canada,2020-03-28,11.672559
Canada,2020-03-29,13.630252
Canada,2020-03-30,15.028604
Canada,2020-03-31,17.75539
Canada,2020-04-01,21.26231
Canada,2020-04-02,24.202528
Canada,2020-04-03,22.852015
Canada,2020-04-04,26.679083
Canada,2020-04-05,28.86493
Canada,2020-04-06,31.264206
Canada,2020-04-07,34.00571
Canada,2020-04-08,33.961555
Canada,2020-04-09,34.39578
Canada,2020-04-10,35.617496
Canada,2020-04-11,34.8852
Canada,2020-04-12,35.378304
Canada,2020-04-13,34.66073
Canada,2020-04-14,32.6368
Canada,2020-04-15,33.155663
Canada,2020-04-16,33.71868
Canada,2020-04-17,33.45005
Canada,2020-04-18,34.34426
Canada,2020-04-19,35.838287
Canada,2020-04-20,36.942253
Canada,2020-04-21,38.311165
Canada,2020-04-22,41.06371
Canada,2020-04-23,41.825443
Canada,2020-04-24,43.477707
Canada,2020-04-25,44.22472
Canada,2020-04-26,44.176884
Canada,2020-04-27,44.162163
Canada,2020-04-28,44.55591
Canada,2020-04-29,42.933086
Canada,2020-04-30,42.697575
Canada,2020-05-01,41.98
Canada,2020-05-02,40.942272
Canada,2020-05-03,41.115227
Canada,2020-05-04,41.810722
Canada,2020-05-05,46.28913
Canada,2020-05-06,45.15941
Canada,2020-05-07,44.232082
Canada,2020-05-08,43.779457
Canada,2020-05-09,42.999325
Canada,2020-05-10,41.847523
Canada,2020-05-11,40.43077
Canada,2020-05-12,34.491455
Canada,2020-05-13,33.884277
Canada,2020-05-14,33.51997
Canada,2020-05-15,32.31297
Canada,2020-05-16,31.521797
Canada,2020-05-17,30.101366
Canada,2020-05-18,30.038809
Canada,2020-05-19,30.009369
Canada,2020-05-20,29.777536
Canada,2020-05-21,29.280754
Canada,2020-05-22,28.875969
Canada,2020-05-23,28.83917
Canada,2020-05-24,28.949566
Canada,2020-05-25,28.544779
Canada,2020-05-26,28.323988
Canada,2020-05-27,28.110554
Canada,2020-05-28,27.727848
Canada,2020-05-29,27.216345
Canada,2020-05-30,26.450932
Canada,2020-05-31,25.530964
Canada,2020-06-01,24.17309
Canada,2020-06-02,22.99185
Canada,2020-06-03,22.057163
Canada,2020-06-04,21.207111
Canada,2020-06-05,20.482176
Canada,2020-06-06,19.186861
Canada,2020-06-07,18.093939
Canada,2020-06-08,17.909945
Canada,2020-06-09,17.48676
Canada,2020-06-10,16.702946
Canada,2020-06-11,15.613704
Canada,2020-06-12,14.86669
Canada,2020-06-13,13.9982395
Canada,2020-06-14,13.276984
Canada,2020-06-15,12.338616
Canada,2020-06-16,11.36345
Canada,2020-06-17,10.682673
Canada,2020-06-18,10.355165
Canada,2020-06-19,10.038695
Canada,2020-06-20,9.89886
Canada,2020-06-21,9.884141
Canada,2020-06-22,9.60079
Canada,2020-06-23,9.3836775
Canada,2020-06-24,9.162886
Canada,2020-06-25,9.184964
Canada,2020-06-26,8.791218
Canada,2020-06-27,8.839056
Canada,2020-06-28,7.9669266
Canada,2020-06-29,7.4075856
Canada,2020-06-30,7.0395985
Canada,2020-07-01,8.393792
Canada,2020-07-02,8.246596
Canada,2020-07-03,7.219912
Canada,2020-07-04,7.9080486
Canada,2020-07-05,8.44899
Canada,2020-07-06,8.404831
Canada,2020-07-07,8.408511
Canada,2020-07-08,7.4186254
Canada,2020-07-09,7.219912
Canada,2020-07-10,8.202438
Canada,2020-07-11,7.481183
Canada,2020-07-12,7.488543
Canada,2020-07-13,7.4701433
Canada,2020-07-14,7.5621405
Canada,2020-07-15,8.172999
Canada,2020-07-16,8.537307
Canada,2020-07-17,8.809617
Canada,2020-07-18,9.052489
Canada,2020-07-19,9.361598
Canada,2020-07-20,9.762705
Canada,2020-07-21,10.112292
Canada,2020-07-22,10.925545
Canada,2020-07-23,11.808715
Canada,2020-07-24,12.552049
Canada,2020-07-25,12.533649
Canada,2020-07-26,13.008353
Canada,2020-07-27,13.081951
Canada,2020-07-28,13.140829
Canada,2020-07-29,12.772841
Canada,2020-07-30,12.128863
Canada,2020-07-31,11.6468
Canada,2020-08-01,11.503285
Canada,2020-08-02,11.426007
Canada,2020-08-03,11.194176
Canada,2020-08-04,10.936584
Canada,2020-08-05,8.953133
Canada,2020-08-06,10.292606
Canada,2020-08-07,10.230049
Canada,2020-08-08,10.160131
Canada,2020-08-09,9.832623
Canada,2020-08-10,9.644949
Canada,2020-08-11,9.442555
Canada,2020-08-12,11.407608
Canada,2020-08-13,9.674388
Canada,2020-08-14,9.777424
Canada,2020-08-15,9.8915
Canada,2020-08-16,9.869421
Canada,2020-08-17,9.873101
Canada,2020-08-18,9.755345
Canada,2020-08-19,10.138052
Canada,2020-08-20,10.112292
Canada,2020-08-21,9.792144
Canada,2020-08-22,9.711186
Canada,2020-08-23,10.009256
Canada,2020-08-24,10.082853
Canada,2020-08-25,10.336765
Canada,2020-08-26,10.20797
Canada,2020-08-27,10.358844
Canada,2020-08-28,10.77099
Canada,2020-08-29,10.947624
Canada,2020-08-30,10.811469
Canada,2020-08-31,11.201535
Canada,2020-09-01,11.201535
Canada,2020-09-02,12.150943
Canada,2020-09-03,12.717643
Canada,2020-09-04,12.901637
Canada,2020-09-05,13.413139
Canada,2020-09-06,14.035038
Canada,2020-09-07,14.064477
Canada,2020-09-08,14.5539
Canada,2020-09-09,11.753516
Canada,2020-09-10,15.908093
Canada,2020-09-11,16.084728
Canada,2020-09-12,16.30552
Canada,2020-09-13,16.566792
Canada,2020-09-14,17.096693
Canada,2020-09-15,17.530918
Canada,2020-09-16,21.593498
Canada,2020-09-17,18.60176
Canada,2020-09-18,20.06635
Canada,2020-09-19,21.86949
Canada,2020-09-20,23.128006
Canada,2020-09-21,24.408602
Canada,2020-09-22,25.722317
Canada,2020-09-23,27.249464
Canada,2020-09-24,28.923807
Canada,2020-09-25,29.46107
Canada,2020-09-26,30.27432
Canada,2020-09-27,31.44452
Canada,2020-09-28,32.739834
Canada,2020-09-29,34.870483
Canada,2020-09-30,36.37923
Canada,2020-10-01,37.89534
Canada,2020-10-02,40.49701
Canada,2020-10-03,42.101433
Canada,2020-10-04,44.9055
Canada,2020-10-05,47.102383
Canada,2020-10-06,47.952435
Canada,2020-10-07,50.263393
Canada,2020-10-08,52.850346
Canada,2020-10-09,52.861385
Canada,2020-10-10,55.286423
Canada,2020-10-11,56.883488
Canada,2020-10-12,57.803455
Canada,2020-10-13,57.803455
Canada,2020-10-14,51.072968
Canada,2020-10-15,57.251472
Canada,2020-10-16,59.842106
Canada,2020-10-17,59.507236
Canada,2020-10-18,58.837498
Canada,2020-10-19,59.40052
Canada,2020-10-20,59.92306
Canada,2020-10-21,68.438286
Canada,2020-10-22,61.847637
Canada,2020-10-23,62.465855
Canada,2020-10-24,64.09604
Canada,2020-10-25,64.86145
Canada,2020-10-26,64.90561
Canada,2020-10-27,66.07581
Canada,2020-10-28,69.09331
Canada,2020-10-29,70.649895
Canada,2020-10-30,70.74925
Canada,2020-10-31,71.36747
Canada,2020-11-01,74.58
Canada,2020-11-02,79.06209
Canada,2020-11-03,83.10626
Canada,2020-11-04,80.02989
Canada,2020-11-05,81.13385
Canada,2020-11-06,83.2829
Canada,2020-11-07,86.837654
Canada,2020-11-08,87.61779
Canada,2020-11-09,90.56537
Canada,2020-11-10,95.533195
Canada,2020-11-11,98.52493
Canada,2020-11-12,103.41181
Canada,2020-11-13,108.10733
Canada,2020-11-14,112.00431
Canada,2020-11-15,115.949135
Canada,2020-11-16,119.70629
Canada,2020-11-17,120.48274
Canada,2020-11-18,123.11753
Canada,2020-11-19,123.02186
Canada,2020-11-20,123.32361
Canada,2020-11-21,122.076126
Canada,2020-11-22,122.91146
Canada,2020-11-23,124.52325
Canada,2020-11-24,126.77901
Canada,2020-11-25,130.13138
Canada,2020-11-26,132.38713
Canada,2020-11-27,133.78917
Canada,2020-11-28,137.42856
Canada,2020-11-29,141.10475
Canada,2020-11-30,144.01553
Canada,2020-12-01,147.90884
Canada,2020-12-02,149.344
Canada,2020-12-03,150.96313
Canada,2020-12-04,155.69177
Canada,2020-12-05,158.86383
Canada,2020-12-06,160.08922
Canada,2020-12-07,161.9402
Canada,2020-12-08,163.82062
Canada,2020-12-09,165.27785
Canada,2020-12-10,167.67712
Canada,2020-12-11,167.63297
Canada,2020-12-12,168.53821
Canada,2020-12-13,170.27144
Canada,2020-12-14,169.20795
Canada,2020-12-15,167.71024
Canada,2020-12-16,168.56396
Canada,2020-12-17,169.9292
Canada,2020-12-18,170.37447
Canada,2020-12-19,171.36435
Canada,2020-12-20,171.12885
Canada,2020-12-21,171.80962
Canada,2020-12-22,172.22545
Canada,2020-12-23,170.93748
Canada,2020-12-24,170.36343
Canada,2020-12-25,171.9421
Canada,2020-12-26,171.16196
Canada,2020-12-27,161.5391
Canada,2020-12-28,166.08006
Canada,2020-12-29,163.17296
Canada,2020-12-30,160.99815
Canada,2020-12-31,161.89972
Canada,2021-01-01,164.2254
Canada,2021-01-02,170.2972
Canada,2021-01-03,182.88235
Canada,2021-01-04,180.33589
Canada,2021-01-05,184.87685
Canada,2021-01-06,192.68187
Canada,2021-01-07,196.38382
Canada,2021-01-08,199.6773
Canada,2021-01-09,199.28723
Canada,2021-01-10,203.9018
Canada,2021-01-11,208.42068
Canada,2021-01-12,212.77397
Canada,2021-01-13,208.86595
Canada,2021-01-14,204.59729
Canada,2021-01-15,199.03333
Canada,2021-01-16,196.18143
Canada,2021-01-17,188.9799
Canada,2021-01-18,183.08475
Canada,2021-01-19,178.52171
Canada,2021-01-20,172.5456
Canada,2021-01-21,166.62836
Canada,2021-01-22,162.52162
Canada,2021-01-23,156.59702
Canada,2021-01-24,153.46178
Canada,2021-01-25,148.2658
Canada,2021-01-26,141.80025
Canada,2021-01-27,139.61072
Canada,2021-01-28,137.15257
Canada,2021-01-29,131.48557
Canada,2021-01-30,127.51866
Canada,2021-01-31,122.85626
Canada,2021-02-01,119.22054
Canada,2021-02-02,115.81298
Canada,2021-02-03,112.52318
Canada,2021-02-04,108.16988
Canada,2021-02-05,104.60041
Canada,2021-02-06,101.67859
Canada,2021-02-07,99.220436
Canada,2021-02-08,95.78343
Canada,2021-02-09,93.1008
Canada,2021-02-10,90.27098
Canada,2021-02-11,89.71532
Canada,2021-02-12,89.535
Canada,2021-02-13,86.21576
Canada,2021-02-14,82.98115
Canada,2021-02-15,82.13478
Canada,2021-02-16,79.1688
Canada,2021-02-17,77.53126
Canada,2021-02-18,76.464096
Canada,2021-02-19,74.329765
Canada,2021-02-20,74.81919
Canada,2021-02-21,74.62784
Canada,2021-02-22,73.59747
Canada,2021-02-23,73.46132
Canada,2021-02-24,74.771355
Canada,2021-02-25,76.25434
Canada,2021-02-26,77.32519
Canada,2021-02-27,76.6628
Canada,2021-02-28,77.13383
Canada,2021-03-01,77.4135
Canada,2021-03-02,77.512856
Canada,2021-03-03,76.475136
Canada,2021-03-04,75.24973
Canada,2021-03-05,74.94063
Canada,2021-03-06,73.82931
Canada,2021-03-07,74.35921
Canada,2021-03-08,72.81734
Canada,2021-03-09,73.45396
Canada,2021-03-10,75.07678
Canada,2021-03-11,76.412575
Canada,2021-03-12,77.925
Canada,2021-03-13,78.624176
Canada,2021-03-14,78.97745
Canada,2021-03-15,81.417206
Canada,2021-03-16,82.96275
Canada,2021-03-17,82.259895
Canada,2021-03-18,82.25622
Canada,2021-03-19,82.84867
Canada,2021-03-20,84.97196
Canada,2021-03-21,87.75027
Canada,2021-03-22,89.48349
Canada,2021-03-23,91.032715
Canada,2021-03-24,94.45132
Canada,2021-03-25,97.347374
Canada,2021-03-26,99.76505
Canada,2021-03-27,105.65653
Canada,2021-03-28,108.8985
Canada,2021-03-29,113.88105
Canada,2021-03-30,118.51769
Canada,2021-03-31,121.45791
Canada,2021-04-01,126.13871
Canada,2021-04-02,131.55548
Canada,2021-04-03,133.7818
Canada,2021-04-04,140.50125
Canada,2021-04-05,145.86652
Canada,2021-04-06,150.73131
Canada,2021-04-07,156.96133
Canada,2021-04-08,163.00368
Canada,2021-04-09,169.01291
Canada,2021-04-10,177.07184
Canada,2021-04-11,185.6165
Canada,2021-04-12,191.94589
Canada,2021-04-13,200.07104
Canada,2021-04-14,208.43172
Canada,2021-04-15,212.19255
Canada,2021-04-16,217.53574
Canada,2021-04-17,223.33153
Canada,2021-04-18,223.69215
Canada,2021-04-19,224.88812
Canada,2021-04-20,224.40237
Canada,2021-04-21,223.56335
Canada,2021-04-22,222.58084
Canada,2021-04-23,221.92213
Canada,2021-04-24,217.54677
Canada,2021-04-25,215.3278
Canada,2021-04-26,213.25972
Canada,2021-04-27,210.70221
Canada,2021-04-28,206.62491
Canada,2021-04-29,205.86685
Canada,2021-04-30,203.40134
Canada,2021-05-01,203.2615
Canada,2021-05-02,201.7969
Canada,2021-05-03,202.33049
Canada,2021-05-04,202.32681
Canada,2021-05-05,203.65892
Canada,2021-05-06,202.2569
Canada,2021-05-07,200.93582
Canada,2021-05-08,199.6773
Canada,2021-05-09,197.78584
Canada,2021-05-10,193.91463
Canada,2021-05-11,191.9606
Canada,2021-05-12,187.4454
Canada,2021-05-13,182.63948
Canada,2021-05-14,178.3046
Canada,2021-05-15,173.21901
Canada,2021-05-16,166.49956
Canada,2021-05-17,160.28793
Canada,2021-05-18,153.2925
Canada,2021-05-19,146.85272
Canada,2021-05-20,141.89224
Canada,2021-05-21,134.6613
Canada,2021-05-22,128.89493
Canada,2021-05-23,124.04486
Canada,2021-05-24,117.75227
Canada,2021-05-25,111.65105
Canada,2021-05-26,106.36307
Canada,2021-05-27,100.7255
Canada,2021-05-28,94.63531
Canada,2021-05-29,86.955414
Canada,2021-05-30,81.51656
Canada,2021-05-31,76.798965
Canada,2021-06-01,72.14392
Canada,2021-06-02,68.309494
Canada,2021-06-03,65.13008
Canada,2021-06-04,63.17975
Canada,2021-06-05,60.250572
Canada,2021-06-06,56.040794
Canada,2021-06-07,52.98282
Canada,2021-06-08,49.47958
Canada,2021-06-09,46.25233
Canada,2021-06-10,44.890778
Canada,2021-06-11,42.46574
Canada,2021-06-12,39.92663
Canada,2021-06-13,37.58991
Canada,2021-06-14,35.74261
Canada,2021-06-15,34.682808
Canada,2021-06-16,33.641403
Canada,2021-06-17,31.944983
Canada,2021-06-18,30.638628
Canada,2021-06-19,29.269714
Canada,2021-06-20,27.749928
Canada,2021-06-21,26.1823
Canada,2021-06-22,24.596275
Canada,2021-06-23,23.164804
Canada,2021-06-24,22.480349
Canada,2021-06-25,21.291748
Canada,2021-06-26,19.823479
Canada,2021-06-27,18.557602
Canada,2021-06-28,17.48676
Canada,2021-06-29,16.393837
Canada,2021-06-30,16.761824
Canada,2021-07-01,16.691906
Canada,2021-07-02,16.04057
Canada,2021-07-03,15.657863
Canada,2021-07-04,14.774693
Canada,2021-07-05,13.847364
Canada,2021-07-06,13.917282
Canada,2021-07-07,12.883238
Canada,2021-07-08,12.279738
Canada,2021-07-09,12.301818
Canada,2021-07-10,12.165662
Canada,2021-07-11,13.424179
Canada,2021-07-12,13.332182
Canada,2021-07-13,13.151868
Canada,2021-07-14,12.7581215
Canada,2021-07-15,12.382774
Canada,2021-07-16,11.746157
Canada,2021-07-17,11.223615
Canada,2021-07-18,9.851022
Canada,2021-07-19,9.810543
Canada,2021-07-20,9.89518
Canada,2021-07-21,9.869421
Canada,2021-07-22,9.880461
Canada,2021-07-23,9.950378
Canada,2021-07-24,10.48396
Canada,2021-07-25,11.297212
Canada,2021-07-26,11.801354
Canada,2021-07-27,12.452692
Canada,2021-07-28,13.081951
Canada,2021-07-29,13.96144
Canada,2021-07-30,15.304594
Canada,2021-07-31,16.496874
Canada,2021-08-01,17.560356
Canada,2021-08-02,18.487684
Canada,2021-08-03,20.000113
Canada,2021-08-04,20.975279
Canada,2021-08-05,21.560379
Canada,2021-08-06,22.270596
Canada,2021-08-07,24.305565
Canada,2021-08-08,26.561327
Canada,2021-08-09,28.761892
Canada,2021-08-10,31.42612
Canada,2021-08-11,33.295498
Canada,2021-08-12,35.53654
Canada,2021-08-13,38.859467
Canada,2021-08-14,41.4133
Canada,2021-08-15,44.710464
Canada,2021-08-16,47.992912
Canada,2021-08-17,48.2689
Canada,2021-08-18,51.102406
Canada,2021-08-19,52.69947
Canada,2021-08-20,54.74916
Canada,2021-08-21,56.923965
Canada,2021-08-22,58.933174
Canada,2021-08-23,61.211018
Canada,2021-08-24,64.736336
Canada,2021-08-25,65.02705
Canada,2021-08-26,67.06202
Canada,2021-08-27,70.40334
Canada,2021-08-28,72.72902
Canada,2021-08-29,75.695
Canada,2021-08-30,79.52207
Canada,2021-08-31,80.71435
Canada,2021-09-01,83.20562
Canada,2021-09-02,85.325226
Canada,2021-09-03,87.20933
Canada,2021-09-04,89.72636
Canada,2021-09-05,91.17255
Canada,2021-09-06,91.55894
Canada,2021-09-07,95.11737
Canada,2021-09-08,95.93799
Canada,2021-09-09,97.44673
Canada,2021-09-10,96.7218
Canada,2021-09-11,97.20018
Canada,2021-09-12,98.918686
Canada,2021-09-13,102.00242
Canada,2021-09-14,102.33729
Canada,2021-09-15,105.79269
Canada,2021-09-16,108.460594
Canada,2021-09-17,110.823074
Canada,2021-09-18,112.70349
Canada,2021-09-19,114.41831
Canada,2021-09-20,113.22235
Canada,2021-09-21,113.62714
Canada,2021-09-22,113.47994
Canada,2021-09-23,112.64829
Canada,2021-09-24,111.06226
Canada,2021-09-25,110.800995
Canada,2021-09-26,109.00153
Canada,2021-09-27,110.532364
Canada,2021-09-28,110.525
Canada,2021-09-29,112.07791
Canada,2021-09-30,110.863556
Canada,2021-10-01,112.431175
Canada,2021-10-02,112.320786
Canada,2021-10-03,111.62897
Canada,2021-10-04,109.69703
Canada,2021-10-05,107.1248
Canada,2021-10-06,103.90123
Canada,2021-10-07,101.421
Canada,2021-10-08,99.352905
Canada,2021-10-09,97.55713
Canada,2021-10-10,96.493645
Canada,2021-10-11,93.82206
Canada,2021-10-12,93.439354
Canada,2021-10-13,90.69417
Canada,2021-10-14,88.887344
Canada,2021-10-15,84.9278
Canada,2021-10-16,81.59016
Canada,2021-10-17,79.05105
Canada,2021-10-18,77.74837
Canada,2021-10-19,75.40797
Canada,2021-10-20,73.99122
Canada,2021-10-21,73.748344
Canada,2021-10-22,73.75571
Canada,2021-10-23,72.655426
Canada,2021-10-24,70.16783
Canada,2021-10-25,67.23865
Canada,2021-10-26,64.97921
Canada,2021-10-27,63.44838
Canada,2021-10-28,61.66732
Canada,2021-10-29,61.130062
Canada,2021-10-30,60.29105
Canada,2021-10-31,59.66547
Canada,2021-11-01,59.017815
Canada,2021-11-02,58.19352
Canada,2021-11-03,58.491592
Canada,2021-11-04,58.78598
Canada,2021-11-05,57.785057
Canada,2021-11-06,57.457546
Canada,2021-11-07,57.240433
Canada,2021-11-08,58.635105
Canada,2021-11-09,60.05554
Canada,2021-11-10,60.795193
Canada,2021-11-11,62.760246
Canada,2021-11-12,64.14756
Canada,2021-11-13,64.65906
Canada,2021-11-14,65.008644
Canada,2021-11-15,64.58178
Canada,2021-11-16,64.09604
Canada,2021-11-17,64.217476
Canada,2021-11-18,62.480576
Canada,2021-11-19,61.821877
Canada,2021-11-20,61.96171
Canada,2021-11-21,62.87064
Canada,2021-11-22,63.81637
Canada,2021-11-23,64.37203
Canada,2021-11-24,64.865135
Canada,2021-11-25,66.042694
Canada,2021-11-26,66.71979
Canada,2021-11-27,67.176094
Canada,2021-11-28,72.62967
Canada,2021-11-29,73.08965
Canada,2021-11-30,73.67107
Canada,2021-12-01,73.770424
Canada,2021-12-02,74.20097
Canada,2021-12-03,76.1881
Canada,2021-12-04,77.45398
Canada,2021-12-05,74.28929
Canada,2021-12-06,76.45306
Canada,2021-12-07,79.33072
Canada,2021-12-08,81.332565
Canada,2021-12-09,83.59569
Canada,2021-12-10,85.00876
Canada,2021-12-11,88.821106
Canada,2021-12-12,93.45407
Canada,2021-12-13,98.315186
Canada,2021-12-14,101.64547
Canada,2021-12-15,106.32995
Canada,2021-12-16,111.55905
Canada,2021-12-17,120.188354
Canada,2021-12-18,130.73856
Canada,2021-12-19,146.99255
Canada,2021-12-20,163.45262
Canada,2021-12-21,186.63216
Canada,2021-12-22,210.63965
Canada,2021-12-23,237.4696
Canada,2021-12-24,271.05582
Canada,2021-12-25,320.98434
Canada,2021-12-26,345.99277
Canada,2021-12-27,375.43173
Canada,2021-12-28,391.6931
Canada,2021-12-29,533.27625
Canada,2021-12-30,589.85065
Canada,2021-12-31,652.8427
Canada,2022-01-01,723.8974
Canada,2022-01-02,833.80786
Canada,2022-01-03,939.47906
Canada,2022-01-04,1050.9977
Canada,2022-01-05,1010.2578
Canada,2022-01-06,1048.3629
Canada,2022-01-07,1075.2738
Canada,2022-01-08,1086.8102
Canada,2022-01-09,1081.2683
Canada,2022-01-10,1062.6407
Canada,2022-01-11,1037.8347
Canada,2022-01-12,1023.4722
Canada,2022-01-13,992.3442
Canada,2022-01-14,966.7396
Canada,2022-01-15,923.3907
Canada,2022-01-16,876.7998
Canada,2022-01-17,832.05255
Canada,2022-01-18,795.0698
Canada,2022-01-19,756.1809
Canada,2022-01-20,727.5294
Canada,2022-01-21,690.0757
Canada,2022-01-22,662.8152
Canada,2022-01-23,631.5031
Canada,2022-01-24,603.55444
Canada,2022-01-25,572.1099
Canada,2022-01-26,536.25696
Canada,2022-01-27,510.5052
Canada,2022-01-28,496.49222
Canada,2022-01-29,476.42957
Canada,2022-01-30,456.31537
Canada,2022-01-31,435.04202
Canada,2022-02-01,411.37308
Canada,2022-02-02,399.8109
Canada,2022-02-03,388.44745
Canada,2022-02-04,375.96533
Canada,2022-02-05,360.2081
Canada,2022-02-06,347.0599
Canada,2022-02-07,332.2668
Canada,2022-02-08,320.30725
Canada,2022-02-09,309.84167
Canada,2022-02-10,301.65765
Canada,2022-02-11,287.0927
Canada,2022-02-12,273.9077
Canada,2022-02-13,259.43845
Canada,2022-02-14,258.35287
Canada,2022-02-15,249.1532
Canada,2022-02-16,241.51378
Canada,2022-02-17,231.14023
Canada,2022-02-18,219.64798
Canada,2022-02-19,208.42804
Canada,2022-02-20,196.77388
Canada,2022-02-21,183.30554
Canada,2022-02-22,172.23648
Canada,2022-02-23,168.29166
Canada,2022-02-24,166.529
Canada,2022-02-25,160.48665
Canada,2022-02-26,158.07265
Canada,2022-02-27,157.0386
Canada,2022-02-28,152.17749
Canada,2022-03-01,152.14806
Canada,2022-03-02,156.46455
Canada,2022-03-03,150.45163
Canada,2022-03-04,152.41301
Canada,2022-03-05,148.98337
Canada,2022-03-06,149.08272
Canada,2022-03-07,146.18298
Canada,2022-03-08,143.59602
Canada,2022-03-09,142.68343
Canada,2022-03-10,150.05789
Canada,2022-03-11,146.84535
Canada,2022-03-12,145.70828
Canada,2022-03-13,143.50035
Canada,2022-03-14,142.55463
Canada,2022-03-15,145.98059
Canada,2022-03-16,139.6696
Canada,2022-03-17,141.5169
Canada,2022-03-18,140.86188
Canada,2022-03-19,140.65948
Canada,2022-03-20,137.4028
Canada,2022-03-21,143.9861
Canada,2022-03-22,145.42125
Canada,2022-03-23,142.48839
Canada,2022-03-24,154.0248
Canada,2022-03-25,151.63655
Canada,2022-03-26,152.72948
Canada,2022-03-27,155.18394
Canada,2022-03-28,158.72398
Canada,2022-03-29,164.75162
Canada,2022-03-30,167.97519
Canada,2022-03-31,191.1032
Canada,2022-04-01,197.25963
Canada,2022-04-02,201.6718
Canada,2022-04-03,207.53383
Canada,2022-04-04,214.99661
Canada,2022-04-05,222.29749
Canada,2022-04-06,225.86328
Canada,2022-04-07,242.30496
Canada,2022-04-08,245.61316
Canada,2022-04-09,249.95909
Canada,2022-04-10,252.6454
Canada,2022-04-11,259.33173
Canada,2022-04-12,261.6611
Canada,2022-04-13,287.00806
Canada,2022-04-14,261.90396
Canada,2022-04-15,261.27472
Canada,2022-04-16,260.2112
Canada,2022-04-17,246.35281
Canada,2022-04-18,245.00966
Canada,2022-04-19,218.84944
Canada,2022-04-20,244.81096
Canada,2022-04-21,236.8293
Canada,2022-04-22,222.08037
Canada,2022-04-23,222.30484
Canada,2022-04-24,232.74097
Canada,2022-04-25,237.15314
Canada,2022-04-26,249.30408
Canada,2022-04-27,212.58263
Canada,2022-04-28,214.83102
Canada,2022-04-29,220.60843
Canada,2022-04-30,211.015
Canada,2022-05-01,200.62303
Canada,2022-05-02,190.77937
Canada,2022-05-03,181.62016
Canada,2022-05-04,169.9108
Canada,2022-05-05,161.72676
Canada,2022-05-06,158.4112
Canada,2022-05-07,153.86287
Canada,2022-05-08,151.12872
Canada,2022-05-09,144.80302
Canada,2022-05-10,142.72021
Canada,2022-05-11,140.20319
Canada,2022-05-12,131.02927
Canada,2022-05-13,126.99612
Canada,2022-05-14,122.40363
Canada,2022-05-15,119.29414
Canada,2022-05-16,112.11471
Canada,2022-05-17,110.06502
Canada,2022-05-18,106.29683
Canada,2022-05-19,100.37223
Canada,2022-05-20,97.95456
Canada,2022-05-21,95.26089
Canada,2022-05-22,92.199234
Canada,2022-05-23,87.14309
Canada,2022-05-24,84.55614
Canada,2022-05-25,79.260796
Canada,2022-05-26,73.9213
Canada,2022-05-27,69.91024
Canada,2022-05-28,68.97923
Canada,2022-05-29,67.70967
Canada,2022-05-30,65.41344
Canada,2022-05-31,64.64066
Canada,2022-06-01,64.47138
Canada,2022-06-02,63.363743
Canada,2022-06-03,64.802574
Canada,2022-06-04,63.84213
Canada,2022-06-05,62.65353
Canada,2022-06-06,50.270752
Canada,2022-06-07,47.96715
Canada,2022-06-08,45.37284
Canada,2022-06-09,39.764713
Canada,2022-06-10,47.308456
Canada,2022-06-11,51.893578
Canada,2022-06-12,46.624
Canada,2022-06-13,43.308434
Canada,2022-06-14,40.69572
Canada,2022-06-15,33.81068
Canada,2022-06-16,25.229214
Canada,2022-06-17,10.999143
Canada,2022-06-18,85.78522
Canada,2022-06-19,85.78522
Canada,2022-06-20,85.78522
Canada,2022-06-21,85.78522
Canada,2022-06-22,85.78522
Canada,2022-06-23,85.78522
Canada,2022-06-24,85.78522
Canada,2022-06-25,56.901886
Canada,2022-06-26,56.901886
Canada,2022-06-27,56.901886
Canada,2022-06-28,56.901886
Canada,2022-06-29,56.901886
Canada,2022-06-30,56.901886
Canada,2022-07-01,56.901886
Canada,2022-07-02,65.32512
Canada,2022-07-03,65.32512
Canada,2022-07-04,65.32512
Canada,2022-07-05,65.32512
Canada,2022-07-06,65.32512
Canada,2022-07-07,65.32512
Canada,2022-07-08,65.32512
Canada,2022-07-09,83.393295
Canada,2022-07-10,83.393295
Canada,2022-07-11,83.393295
Canada,2022-07-12,83.393295
Canada,2022-07-13,83.393295
Canada,2022-07-14,83.393295
Canada,2022-07-15,83.393295
Canada,2022-07-16,101.40628
Canada,2022-07-17,101.40628
Canada,2022-07-18,101.40628
Canada,2022-07-19,101.40628
Canada,2022-07-20,101.40628
Canada,2022-07-21,101.40628
Canada,2022-07-22,101.40628
Canada,2022-07-23,119.3567
Canada,2022-07-24,119.3567
Canada,2022-07-25,119.3567
Canada,2022-07-26,119.3567
Canada,2022-07-27,119.3567
Canada,2022-07-28,119.3567
Canada,2022-07-29,119.3567
Canada,2022-07-30,122.60971
Canada,2022-07-31,122.60971
Canada,2022-08-01,122.60971
Canada,2022-08-02,122.60971
Canada,2022-08-03,122.60971
Canada,2022-08-04,122.60971
Canada,2022-08-05,122.60971
Canada,2022-08-06,106.160675
Canada,2022-08-07,106.160675
Canada,2022-08-08,106.160675
Canada,2022-08-09,106.160675
Canada,2022-08-10,106.160675
Canada,2022-08-11,106.160675
Canada,2022-08-12,106.160675
Canada,2022-08-13,94.54331
Canada,2022-08-14,94.54331
Canada,2022-08-15,94.54331
Canada,2022-08-16,94.54331
Canada,2022-08-17,94.54331
Canada,2022-08-18,94.54331
Canada,2022-08-19,94.54331
Canada,2022-08-20,87.97106
Canada,2022-08-21,87.97106
Canada,2022-08-22,87.97106
Canada,2022-08-23,87.97106
Canada,2022-08-24,87.97106
Canada,2022-08-25,87.97106
Canada,2022-08-26,87.97106
Canada,2022-08-27,84.93884
Canada,2022-08-28,84.93884
Canada,2022-08-29,84.93884
Canada,2022-08-30,84.93884
Canada,2022-08-31,84.93884
Canada,2022-09-01,84.93884
Canada,2022-09-02,84.93884
Canada,2022-09-03,77.59382
Canada,2022-09-04,77.59382
Canada,2022-09-05,77.59382
Canada,2022-09-06,77.59382
Canada,2022-09-07,77.59382
Canada,2022-09-08,77.59382
Canada,2022-09-09,77.59382
Canada,2022-09-10,67.996704
Canada,2022-09-11,67.996704
Canada,2022-09-12,67.996704
Canada,2022-09-13,67.996704
Canada,2022-09-14,67.996704
Canada,2022-09-15,67.996704
Canada,2022-09-16,67.996704
Canada,2022-09-17,61.549564
Canada,2022-09-18,61.549564
Canada,2022-09-19,61.549564
Canada,2022-09-20,61.549564
Canada,2022-09-21,61.549564
Canada,2022-09-22,61.549564
Canada,2022-09-23,61.549564
Canada,2022-09-24,64.61122
Canada,2022-09-25,64.61122
Canada,2022-09-26,64.61122
Canada,2022-09-27,64.61122
Canada,2022-09-28,64.61122
Canada,2022-09-29,64.61122
Canada,2022-09-30,64.61122
Canada,2022-10-01,68.60388
Canada,2022-10-02,68.60388
Canada,2022-10-03,68.60388
Canada,2022-10-04,68.60388
Canada,2022-10-05,68.60388
Canada,2022-10-06,68.60388
Canada,2022-10-07,68.60388
Canada,2022-10-08,72.25064
Canada,2022-10-09,72.25064
Canada,2022-10-10,72.25064
Canada,2022-10-11,72.25064
Canada,2022-10-12,72.25064
Canada,2022-10-13,72.25064
Canada,2022-10-14,72.25064
Canada,2022-10-15,75.11358
Canada,2022-10-16,75.11358
Canada,2022-10-17,75.11358
Canada,2022-10-18,75.11358
Canada,2022-10-19,75.11358
Canada,2022-10-20,75.11358
Canada,2022-10-21,75.11358
Canada,2022-10-22,78.948006
Canada,2022-10-23,78.948006
Canada,2022-10-24,78.948006
Canada,2022-10-25,78.948006
Canada,2022-10-26,78.948006
Canada,2022-10-27,78.948006
Canada,2022-10-28,78.948006
Canada,2022-10-29,78.59842
Canada,2022-10-30,78.59842
Canada,2022-10-31,78.59842
Canada,2022-11-01,78.59842
Canada,2022-11-02,78.59842
Canada,2022-11-03,78.59842
Canada,2022-11-04,78.59842
Canada,2022-11-05,77.14487
Canada,2022-11-06,77.14487
Canada,2022-11-07,77.14487
Canada,2022-11-08,77.14487
Canada,2022-11-09,77.14487
Canada,2022-11-10,77.14487
Canada,2022-11-11,77.14487
Canada,2022-11-12,67.694954
Canada,2022-11-13,67.694954
Canada,2022-11-14,67.694954
Canada,2022-11-15,67.694954
Canada,2022-11-16,67.694954
Canada,2022-11-17,67.694954
Canada,2022-11-18,67.694954
Canada,2022-11-19,56.26159
Canada,2022-11-20,56.26159
Canada,2022-11-21,56.26159
Canada,2022-11-22,56.26159
Canada,2022-11-23,56.26159
Canada,2022-11-24,56.26159
Canada,2022-11-25,56.26159
Canada,2022-11-26,53.659916
Canada,2022-11-27,53.659916
Canada,2022-11-28,53.659916
Canada,2022-11-29,53.659916
Canada,2022-11-30,53.659916
Canada,2022-12-01,53.659916
Canada,2022-12-02,53.659916
Canada,2022-12-03,55.691208
Canada,2022-12-04,55.691208
Canada,2022-12-05,55.691208
Canada,2022-12-06,55.691208
Canada,2022-12-07,55.691208
Canada,2022-12-08,55.691208
Canada,2022-12-09,55.691208
Canada,2022-12-10,59.64707
Canada,2022-12-11,59.64707
Canada,2022-12-12,59.64707
Canada,2022-12-13,59.64707
Canada,2022-12-14,59.64707
Canada,2022-12-15,59.64707
Canada,2022-12-16,59.64707
Canada,2022-12-17,61.1779
Canada,2022-12-18,61.1779
Canada,2022-12-19,61.1779
Canada,2022-12-20,61.1779
Canada,2022-12-21,61.1779
Canada,2022-12-22,61.1779
Canada,2022-12-23,61.1779
Canada,2022-12-24,64.02244
Canada,2022-12-25,64.02244
Canada,2022-12-26,64.02244
Canada,2022-12-27,64.02244
Canada,2022-12-28,64.02244
Canada,2022-12-29,64.02244
Canada,2022-12-30,64.02244
Canada,2022-12-31,60.331528
Canada,2023-01-01,60.331528
Canada,2023-01-02,60.331528
Canada,2023-01-03,60.331528
Canada,2023-01-04,60.331528
Canada,2023-01-05,60.331528
Canada,2023-01-06,60.331528
Canada,2023-01-07,61.42077
Canada,2023-01-08,61.42077
Canada,2023-01-09,61.42077
Canada,2023-01-10,61.42077
Canada,2023-01-11,61.42077
Canada,2023-01-12,61.42077
Canada,2023-01-13,61.42077
Canada,2023-01-14,61.807156
Canada,2023-01-15,61.807156
Canada,2023-01-16,61.807156
Canada,2023-01-17,61.807156
Canada,2023-01-18,61.807156
Canada,2023-01-19,61.807156
Canada,2023-01-20,61.807156
Canada,2023-01-21,50.318592
Canada,2023-01-22,50.318592
Canada,2023-01-23,50.318592
Canada,2023-01-24,50.318592
Canada,2023-01-25,50.318592
Canada,2023-01-26,50.318592
Canada,2023-01-27,50.318592
Canada,2023-01-28,42.152954
Canada,2023-01-29,42.152954
Canada,2023-01-30,42.152954
Canada,2023-01-31,42.152954
Canada,2023-02-01,42.152954
Canada,2023-02-02,42.152954
Canada,2023-02-03,42.152954
Canada,2023-02-04,38.038853
Canada,2023-02-05,38.038853
Canada,2023-02-06,38.038853
Canada,2023-02-07,38.038853
Canada,2023-02-08,38.038853
Canada,2023-02-09,38.038853
Canada,2023-02-10,38.038853
Canada,2023-02-11,38.024136
Canada,2023-02-12,38.024136
Canada,2023-02-13,38.024136
Canada,2023-02-14,38.024136
Canada,2023-02-15,38.024136
Canada,2023-02-16,38.024136
Canada,2023-02-17,38.024136
Canada,2023-02-18,37.983654
Canada,2023-02-19,37.983654
Canada,2023-02-20,37.983654
Canada,2023-02-21,37.983654
Canada,2023-02-22,37.983654
Canada,2023-02-23,37.983654
Canada,2023-02-24,37.983654
Canada,2023-02-25,35.584377
Canada,2023-02-26,35.584377
Canada,2023-02-27,35.584377
Canada,2023-02-28,35.584377
Canada,2023-03-01,35.584377
Canada,2023-03-02,35.584377
Canada,2023-03-03,35.584377
Canada,2023-03-04,33.711323
Canada,2023-03-05,33.711323
Canada,2023-03-06,33.711323
Canada,2023-03-07,33.711323
Canada,2023-03-08,33.711323
Canada,2023-03-09,33.711323
Canada,2023-03-10,33.711323
Canada,2023-03-11,32.92383
Canada,2023-03-12,32.92383
Canada,2023-03-13,32.92383
Canada,2023-03-14,32.92383
Canada,2023-03-15,32.92383
Canada,2023-03-16,32.92383
Canada,2023-03-17,32.92383
Canada,2023-03-18,31.591715
Canada,2023-03-19,31.591715
Canada,2023-03-20,31.591715
Canada,2023-03-21,31.591715
Canada,2023-03-22,31.591715
Canada,2023-03-23,31.591715
Canada,2023-03-24,31.591715
Canada,2023-03-25,30.712225
Canada,2023-03-26,30.712225
Canada,2023-03-27,30.712225
Canada,2023-03-28,30.712225
Canada,2023-03-29,30.712225
Canada,2023-03-30,30.712225
Canada,2023-03-31,30.712225
Canada,2023-04-01,28.887009
Canada,2023-04-02,28.887009
Canada,2023-04-03,28.887009
Canada,2023-04-04,28.887009
Canada,2023-04-05,28.887009
Canada,2023-04-06,28.887009
Canada,2023-04-07,28.887009
Canada,2023-04-08,0.0
Canada,2023-04-09,26.071905
Canada,2023-04-10,26.071905
Canada,2023-04-11,26.071905
Canada,2023-04-12,26.071905
Canada,2023-04-13,26.071905
Canada,2023-04-14,26.071905
Canada,2023-04-15,26.071905
Canada,2023-04-16,23.157444
Canada,2023-04-17,23.157444
Canada,2023-04-18,23.157444
Canada,2023-04-19,23.157444
Canada,2023-04-20,23.157444
Canada,2023-04-21,23.157444
Canada,2023-04-22,23.157444
Canada,2023-04-23,24.305565
Canada,2023-04-24,24.305565
Canada,2023-04-25,24.305565
Canada,2023-04-26,24.305565
Canada,2023-04-27,24.305565
Canada,2023-04-28,24.305565
Canada,2023-04-29,24.305565
Canada,2023-04-30,21.23287
Canada,2023-05-01,21.23287
Canada,2023-05-02,21.23287
Canada,2023-05-03,21.23287
Canada,2023-05-04,21.23287
Canada,2023-05-05,21.23287
Canada,2023-05-06,21.23287
Canada,2023-05-07,19.245739
Canada,2023-05-08,19.245739
Canada,2023-05-09,19.245739
Canada,2023-05-10,19.245739
Canada,2023-05-11,19.245739
Canada,2023-05-12,19.245739
Canada,2023-05-13,19.245739
Canada,2023-05-14,17.048855
Canada,2023-05-15,17.048855
Canada,2023-05-16,23.691027
Canada,2023-05-17,23.691027
Canada,2023-05-18,23.691027
Canada,2023-05-19,23.691027
Canada,2023-05-20,23.691027
Canada,2023-05-21,6.642172
Canada,2023-05-22,6.642172
Canada,2023-05-23,6.027633
Canada,2023-05-24,6.027633
Canada,2023-05-25,6.027633
Canada,2023-05-26,6.027633
Canada,2023-05-27,6.027633
Canada,2023-05-28,6.027633
Canada,2023-05-29,6.027633
Canada,2023-05-30,5.6890845
Canada,2023-05-31,5.6890845
Canada,2023-06-01,5.6890845
Canada,2023-06-02,5.6890845
Canada,2023-06-03,5.6890845
Canada,2023-06-04,5.6890845
Canada,2023-06-05,5.6890845
Canada,2023-06-06,4.65872
Canada,2023-06-07,4.65872
Canada,2023-06-08,4.65872
Canada,2023-06-09,4.65872
Canada,2023-06-10,4.65872
Canada,2023-06-11,4.65872
Canada,2023-06-12,4.65872
Canada,2023-06-13,3.7240322
Canada,2023-06-14,3.7240322
Canada,2023-06-15,3.7240322
Canada,2023-06-16,3.7240322
Canada,2023-06-17,3.7240322
Canada,2023-06-18,3.7240322
Canada,2023-06-19,3.7240322
Canada,2023-06-20,3.1646912
Canada,2023-06-21,3.1646912
Canada,2023-06-22,3.1646912
Canada,2023-06-23,3.1646912
Canada,2023-06-24,3.1646912
Canada,2023-06-25,3.1646912
Canada,2023-06-26,3.1646912
Canada,2023-06-27,2.793024
Canada,2023-06-28,2.793024
Canada,2023-06-29,2.793024
Canada,2023-06-30,2.793024
Canada,2023-07-01,2.793024
Canada,2023-07-02,2.793024
Canada,2023-07-03,2.793024
Canada,2023-07-04,2.3477595
Canada,2023-07-05,2.3477595
Canada,2023-07-06,2.3477595
Canada,2023-07-07,2.3477595
Canada,2023-07-08,2.3477595
Canada,2023-07-09,2.3477595
Canada,2023-07-10,2.3477595
Canada,2023-07-11,2.8003838
Canada,2023-07-12,2.8003838
Canada,2023-07-13,2.8003838
Canada,2023-07-14,2.8003838
Canada,2023-07-15,2.8003838
Canada,2023-07-16,2.8003838
Canada,2023-07-17,2.8003838
Canada,2023-07-18,3.437002
Canada,2023-07-19,3.437002
Canada,2023-07-20,3.437002
Canada,2023-07-21,3.437002
Canada,2023-07-22,3.437002
Canada,2023-07-23,3.437002
Canada,2023-07-24,3.437002
Canada,2023-07-25,3.701953
Canada,2023-07-26,3.701953
Canada,2023-07-27,3.701953
Canada,2023-07-28,3.701953
Canada,2023-07-29,3.701953
Canada,2023-07-30,3.701953
Canada,2023-07-31,3.701953
Canada,2023-08-01,3.8307483
Canada,2023-08-02,3.8307483
Canada,2023-08-03,3.8307483
Canada,2023-08-04,3.8307483
Canada,2023-08-05,3.8307483
Canada,2023-08-06,3.8307483
Canada,2023-08-07,3.8307483
Canada,2023-08-08,3.9669037
Canada,2023-08-09,3.9669037
Canada,2023-08-10,3.9669037
Canada,2023-08-11,3.9669037
Canada,2023-08-12,3.9669037
Canada,2023-08-13,3.9669037
Canada,2023-08-14,3.9669037
Canada,2023-08-15,5.887798
Canada,2023-08-16,5.887798
Canada,2023-08-17,5.887798
Canada,2023-08-18,5.887798
Canada,2023-08-19,5.887798
Canada,2023-08-20,5.887798
Canada,2023-08-21,5.887798
Canada,2023-08-22,7.690936
Canada,2023-08-23,7.690936
Canada,2023-08-24,7.690936
Canada,2023-08-25,7.690936
Canada,2023-08-26,7.690936
Canada,2023-08-27,7.690936
Canada,2023-08-28,7.690936
Canada,2023-08-29,8.522588
Canada,2023-08-30,8.522588
Canada,2023-08-31,8.522588
Canada,2023-09-01,8.522588
Canada,2023-09-02,8.522588
Canada,2023-09-03,8.522588
Canada,2023-09-04,8.522588
Canada,2023-09-05,9.832623
Canada,2023-09-06,9.832623
Canada,2023-09-07,9.832623
Canada,2023-09-08,9.832623
Canada,2023-09-09,9.832623
Canada,2023-09-10,9.832623
Canada,2023-09-11,9.832623
Canada,2023-09-12,11.900711
Canada,2023-09-13,11.900711
Canada,2023-09-14,11.900711
Canada,2023-09-15,11.900711
Canada,2023-09-16,11.900711
Canada,2023-09-17,11.900711
Canada,2023-09-18,11.900711
Canada,2023-09-19,14.726854
Canada,2023-09-20,14.726854
Canada,2023-09-21,14.726854
Canada,2023-09-22,14.726854
Canada,2023-09-23,14.726854
Canada,2023-09-24,14.726854
Canada,2023-09-25,14.726854
Canada,2023-09-26,17.46836
Canada,2023-09-27,17.46836
Canada,2023-09-28,17.46836
Canada,2023-09-29,17.46836
Canada,2023-09-30,17.46836
Canada,2023-10-01,17.46836
Canada,2023-10-02,17.46836
Canada,2023-10-03,17.140852
Canada,2023-10-04,17.140852
Canada,2023-10-05,17.140852
Canada,2023-10-06,17.140852
Canada,2023-10-07,17.140852
Canada,2023-10-08,17.140852
Canada,2023-10-09,17.140852
Canada,2023-10-10,15.676262
Canada,2023-10-11,15.676262
Canada,2023-10-12,15.676262
Canada,2023-10-13,15.676262
Canada,2023-10-14,15.676262
Canada,2023-10-15,15.676262
Canada,2023-10-16,15.676262
Canada,2023-10-17,17.869467
Canada,2023-10-18,17.869467
Canada,2023-10-19,17.869467
Canada,2023-10-20,17.869467
Canada,2023-10-21,17.869467
Canada,2023-10-22,17.869467
Canada,2023-10-23,17.869467
Canada,2023-10-24,18.163857
Canada,2023-10-25,18.163857
Canada,2023-10-26,18.163857
Canada,2023-10-27,18.163857
Canada,2023-10-28,18.163857
Canada,2023-10-29,18.163857
Canada,2023-10-30,18.163857
Canada,2023-10-31,18.196976
Canada,2023-11-01,18.196976
Canada,2023-11-02,18.196976
Canada,2023-11-03,18.196976
Canada,2023-11-04,18.196976
Canada,2023-11-05,18.196976
Canada,2023-11-06,18.196976
Canada,2023-11-07,18.62384
Canada,2023-11-08,18.62384
Canada,2023-11-09,18.62384
Canada,2023-11-10,18.62384
Canada,2023-11-11,18.62384
Canada,2023-11-12,18.62384
Canada,2023-11-13,18.62384
Canada,2023-11-14,21.799572
Canada,2023-11-15,21.799572
Canada,2023-11-16,21.799572
Canada,2023-11-17,21.799572
Canada,2023-11-18,21.799572
Canada,2023-11-19,21.799572
Canada,2023-11-20,21.799572
Canada,2023-11-21,22.564985
Canada,2023-11-22,22.564985
Canada,2023-11-23,22.564985
Canada,2023-11-24,22.564985
Canada,2023-11-25,22.564985
Canada,2023-11-26,22.564985
Canada,2023-11-27,22.564985
Canada,2023-11-28,20.618332
Canada,2023-11-29,20.618332
Canada,2023-11-30,20.618332
Canada,2023-12-01,20.618332
Canada,2023-12-02,20.618332
Canada,2023-12-03,20.618332
Canada,2023-12-04,20.618332
Canada,2023-12-05,20.173067
Canada,2023-12-06,20.173067
Canada,2023-12-07,20.173067
Canada,2023-12-08,20.173067
Canada,2023-12-09,20.173067
Canada,2023-12-10,20.173067
Canada,2023-12-11,20.173067
Canada,2023-12-12,20.04795
Canada,2023-12-13,20.04795
Canada,2023-12-14,20.04795
Canada,2023-12-15,20.04795
Canada,2023-12-16,20.04795
Canada,2023-12-17,20.04795
Canada,2023-12-18,20.04795
Canada,2023-12-19,19.359816
Canada,2023-12-20,19.359816
Canada,2023-12-21,19.359816
Canada,2023-12-22,19.359816
Canada,2023-12-23,19.359816
Canada,2023-12-24,19.359816
Canada,2023-12-25,19.359816
Canada,2023-12-26,22.454588
Canada,2023-12-27,22.454588
Canada,2023-12-28,22.454588
Canada,2023-12-29,22.454588
Canada,2023-12-30,22.454588
Canada,2023-12-31,22.454588
Canada,2024-01-01,22.454588
Canada,2024-01-02,18.690079
Canada,2024-01-03,18.690079
Canada,2024-01-04,18.690079
Canada,2024-01-05,18.690079
Canada,2024-01-06,18.690079
Canada,2024-01-07,18.690079
Canada,2024-01-08,18.690079
Canada,2024-01-09,14.495022
Canada,2024-01-10,14.495022
Canada,2024-01-11,14.495022
Canada,2024-01-12,14.495022
Canada,2024-01-13,14.495022
Canada,2024-01-14,14.495022
Canada,2024-01-15,14.495022
Canada,2024-01-16,11.484885
Canada,2024-01-17,11.484885
Canada,2024-01-18,11.484885
Canada,2024-01-19,11.484885
Canada,2024-01-20,11.484885
Canada,2024-01-21,11.484885
Canada,2024-01-22,11.484885
Canada,2024-01-23,9.652308
Canada,2024-01-24,9.652308
Canada,2024-01-25,9.652308
Canada,2024-01-26,9.652308
Canada,2024-01-27,9.652308
Canada,2024-01-28,9.652308
Canada,2024-01-29,9.652308
Canada,2024-01-30,9.000971
Canada,2024-01-31,9.000971
Canada,2024-02-01,9.000971
Canada,2024-02-02,9.000971
Canada,2024-02-03,9.000971
Canada,2024-02-04,9.000971
Canada,2024-02-05,9.000971
Canada,2024-02-06,7.8454905
Canada,2024-02-07,7.8454905
Canada,2024-02-08,7.8454905
Canada,2024-02-09,7.8454905
Canada,2024-02-10,7.8454905
Canada,2024-02-11,7.8454905
Canada,2024-02-12,7.8454905
Canada,2024-02-13,7.046958
Canada,2024-02-14,7.046958
Canada,2024-02-15,7.046958
Canada,2024-02-16,7.046958
Canada,2024-02-17,7.046958
Canada,2024-02-18,7.046958
Canada,2024-02-19,7.046958
Canada,2024-02-20,6.082831
Canada,2024-02-21,6.082831
Canada,2024-02-22,6.082831
Canada,2024-02-23,6.082831
Canada,2024-02-24,6.082831
Canada,2024-02-25,6.082831
Canada,2024-02-26,6.082831
Canada,2024-02-27,5.5050907
Canada,2024-02-28,5.5050907
Canada,2024-02-29,5.5050907
Canada,2024-03-01,5.5050907
Canada,2024-03-02,5.5050907
Canada,2024-03-03,5.5050907
Canada,2024-03-04,5.5050907
Canada,2024-03-05,4.482086
Canada,2024-03-06,4.482086
Canada,2024-03-07,4.482086
Canada,2024-03-08,4.482086
Canada,2024-03-09,4.482086
Canada,2024-03-10,4.482086
Canada,2024-03-11,4.482086
Canada,2024-03-12,5.0782256
Canada,2024-03-13,5.0782256
Canada,2024-03-14,5.0782256
Canada,2024-03-15,5.0782256
Canada,2024-03-16,5.0782256
Canada,2024-03-17,5.0782256
Canada,2024-03-18,5.0782256
Canada,2024-03-19,4.117779
Canada,2024-03-20,4.117779
Canada,2024-03-21,4.117779
Canada,2024-03-22,4.117779
Canada,2024-03-23,4.117779
Canada,2024-03-24,4.117779
Canada,2024-03-25,4.117779
Canada,2024-03-26,3.2677279
Canada,2024-03-27,3.2677279
Canada,2024-03-28,3.2677279
Canada,2024-03-29,3.2677279
Canada,2024-03-30,3.2677279
Canada,2024-03-31,3.2677279
Canada,2024-04-01,3.2677279
Canada,2024-04-02,3.7939496
Canada,2024-04-03,3.7939496
Canada,2024-04-04,3.7939496
Canada,2024-04-05,3.7939496
Canada,2024-04-06,3.7939496
Canada,2024-04-07,3.7939496
Canada,2024-04-08,3.7939496
Canada,2024-04-09,4.0552206
Canada,2024-04-10,4.0552206
Canada,2024-04-11,4.0552206
Canada,2024-04-12,4.0552206
Canada,2024-04-13,4.0552206
Canada,2024-04-14,4.0552206
Canada,2024-04-15,4.0552206
Canada,2024-04-16,3.7645106
Canada,2024-04-17,3.7645106
Canada,2024-04-18,3.7645106
Canada,2024-04-19,3.7645106
Canada,2024-04-20,3.7645106
Canada,2024-04-21,3.7645106
Canada,2024-04-22,3.7645106
Canada,2024-04-23,4.2944126
Canada,2024-04-24,4.2944126
Canada,2024-04-25,4.2944126
Canada,2024-04-26,4.2944126
Canada,2024-04-27,4.2944126
Canada,2024-04-28,4.2944126
Canada,2024-04-29,4.2944126
Canada,2024-04-30,4.7212777
Canada,2024-05-01,4.7212777
Canada,2024-05-02,4.7212777
Canada,2024-05-03,4.7212777
Canada,2024-05-04,4.7212777
Canada,2024-05-05,4.7212777
Canada,2024-05-06,4.7212777
Canada,2024-05-07,4.986229
Canada,2024-05-08,4.986229
Canada,2024-05-09,4.986229
Canada,2024-05-10,4.986229
Canada,2024-05-11,4.986229
Canada,2024-05-12,4.986229
Canada,2024-05-13,4.986229
Canada,2024-05-14,6.318343
Canada,2024-05-15,6.318343
Canada,2024-05-16,6.318343
Canada,2024-05-17,6.318343
Canada,2024-05-18,6.318343
Canada,2024-05-19,6.318343
Canada,2024-05-20,6.318343
Canada,2024-05-21,5.4094143
Canada,2024-05-22,5.4094143
Canada,2024-05-23,5.4094143
Canada,2024-05-24,5.4094143
Canada,2024-05-25,5.4094143
Canada,2024-05-26,5.4094143
Canada,2024-05-27,5.4094143
Canada,2024-05-28,4.9715095
Canada,2024-05-29,4.9715095
Canada,2024-05-30,4.9715095
Canada,2024-05-31,4.9715095
Canada,2024-06-01,4.9715095
Canada,2024-06-02,4.9715095
Canada,2024-06-03,4.9715095
Canada,2024-06-04,2.296241
Canada,2024-06-05,2.296241
Canada,2024-06-06,2.296241
Canada,2024-06-07,2.296241
Canada,2024-06-08,2.296241
Canada,2024-06-09,2.296241
Canada,2024-06-10,2.296241
Canada,2024-06-11,2.126967
Canada,2024-06-12,2.126967
Canada,2024-06-13,2.126967
Canada,2024-06-14,2.126967
Canada,2024-06-15,2.126967
Canada,2024-06-16,2.126967
Canada,2024-06-17,2.126967
Canada,2024-06-18,2.03497
Canada,2024-06-19,2.03497
Canada,2024-06-20,2.03497
Canada,2024-06-21,2.03497
Canada,2024-06-22,2.03497
Canada,2024-06-23,2.03497
Canada,2024-06-24,2.03497
Canada,2024-06-25,2.2263236
Canada,2024-06-26,2.2263236
Canada,2024-06-27,2.2263236
Canada,2024-06-28,2.2263236
Canada,2024-06-29,2.2263236
Canada,2024-06-30,2.2263236
Canada,2024-07-01,2.2263236
Canada,2024-07-02,2.2079241
Canada,2024-07-03,2.2079241
Canada,2024-07-04,2.2079241
Canada,2024-07-05,2.2079241
Canada,2024-07-06,2.2079241
Canada,2024-07-07,2.2079241
Canada,2024-07-08,2.2079241
Canada,2024-07-09,1.9098544
Canada,2024-07-10,1.9098544
Canada,2024-07-11,1.9098544
Canada,2024-07-12,1.9098544
Canada,2024-07-13,1.9098544
Canada,2024-07-14,1.9098544
Canada,2024-07-15,1.9098544
Canada,2024-07-16,1.718501
Canada,2024-07-17,1.718501
Canada,2024-07-18,1.718501
Canada,2024-07-19,1.718501
Canada,2024-07-20,1.718501
Canada,2024-07-21,1.718501
Canada,2024-07-22,1.718501
Canada,2024-07-23,1.2033187
Canada,2024-07-24,1.2033187
Canada,2024-07-25,1.2033187
Canada,2024-07-26,1.2033187
Canada,2024-07-27,1.2033187
Canada,2024-07-28,1.2033187
Canada,2024-07-29,1.2033187
Canada,2024-07-30,0.1398352
Canada,2024-07-31,0.1398352
Canada,2024-08-01,0.1398352
Canada,2024-08-02,0.1398352
Canada,2024-08-03,0.1398352
Canada,2024-08-04,0.1398352
Canada,2024-08-05,0.1398352
Canada,2024-08-06,0.0
Canada,2024-08-07,0.0
Canada,2024-08-08,0.0
Canada,2024-08-09,0.0
Canada,2024-08-10,0.0
Canada,2024-08-11,0.0
Canada,2024-08-12,0.0
Canada,2024-08-13,0.0
Canada,2024-08-14,0.0
Canada,2024-08-15,0.0
Canada,2024-08-16,0.0
Canada,2024-08-17,0.0
Canada,2024-08-18,0.0
Canada,2024-08-19,0.0
Canada,2024-08-20,0.0
Canada,2024-08-21,0.0
Canada,2024-08-22,0.0
Canada,2024-08-23,0.0
Canada,2024-08-24,0.0
Canada,2024-08-25,0.0
Canada,2024-08-26,0.0
Canada,2024-08-27,0.0
Canada,2024-08-28,0.0
Canada,2024-08-29,0.0
Canada,2024-08-30,0.0
Canada,2024-08-31,0.0
Canada,2024-09-01,0.0
Canada,2024-09-02,0.0
Canada,2024-09-03,0.0
Canada,2024-09-04,0.0
Canada,2024-09-05,0.0
Canada,2024-09-06,0.0
Canada,2024-09-07,0.0
Canada,2024-09-08,0.0
Canada,2024-09-09,0.0
Canada,2024-09-10,0.0
Canada,2024-09-11,0.0
Canada,2024-09-12,0.0
Canada,2024-09-13,0.0
Canada,2024-09-14,0.0
Canada,2024-09-15,0.0
Canada,2024-09-16,0.0
Canada,2024-09-17,0.0
Canada,2024-09-18,0.0
Canada,2024-09-19,0.0
Canada,2024-09-20,0.0
Canada,2024-09-21,0.0
Canada,2024-09-22,0.0
Canada,2024-09-23,0.0
Canada,2024-09-24,0.0
Canada,2024-09-25,0.0
Canada,2024-09-26,0.0
Canada,2024-09-27,0.0
Canada,2024-09-28,0.0
Canada,2024-09-29,0.0
Canada,2024-09-30,0.0
Canada,2024-10-01,0.0
Canada,2024-10-02,0.0
Canada,2024-10-03,0.0
Canada,2024-10-04,0.0
Canada,2024-10-05,0.0
Canada,2024-10-06,0.0
Canada,2024-10-07,0.0
Canada,2024-10-08,0.0
Canada,2024-10-09,0.0
Canada,2024-10-10,0.0
Canada,2024-10-11,0.0
Canada,2024-10-12,0.0
Canada,2024-10-13,0.0
Canada,2024-10-14,0.0
Canada,2024-10-15,0.0
Canada,2024-10-16,0.0
Canada,2024-10-17,0.0
Canada,2024-10-18,0.0
Canada,2024-10-19,0.0
Canada,2024-10-20,0.0
Canada,2024-10-21,0.0
Canada,2024-10-22,0.0
Canada,2024-10-23,0.0
Canada,2024-10-24,0.0
Canada,2024-10-25,0.0
Canada,2024-10-26,0.0
Canada,2024-10-27,0.0
Canada,2024-10-28,0.0
Canada,2024-10-29,0.0
Canada,2024-10-30,0.0
Canada,2024-10-31,0.0
Canada,2024-11-01,0.0
Canada,2024-11-02,0.0
Canada,2024-11-03,0.0
Canada,2024-11-04,0.0
Canada,2024-11-05,0.0
Canada,2024-11-06,0.0
Canada,2024-11-07,0.0
Canada,2024-11-08,0.0
Canada,2024-11-09,0.0
Canada,2024-11-10,0.0
Canada,2024-11-11,0.0
Canada,2024-11-12,0.0
Canada,2024-11-13,0.0
Canada,2024-11-14,0.0
Canada,2024-11-15,0.0
Canada,2024-11-16,0.0
Canada,2024-11-17,0.0
Canada,2024-11-18,0.0
Canada,2024-11-19,0.0
Canada,2024-11-20,0.0
Canada,2024-11-21,0.0
Canada,2024-11-22,0.0
Canada,2024-11-23,0.0
Canada,2024-11-24,0.0
Canada,2024-11-25,0.0
Canada,2024-11-26,0.0
Canada,2024-11-27,0.0
Canada,2024-11-28,0.0
Canada,2024-11-29,0.0
Canada,2024-11-30,0.0
Canada,2024-12-01,0.0
Canada,2024-12-02,0.0
Canada,2024-12-03,0.0
Canada,2024-12-04,0.0
Canada,2024-12-05,0.0
Canada,2024-12-06,0.0
Canada,2024-12-07,0.0
Canada,2024-12-08,0.0
Canada,2024-12-09,0.0
Canada,2024-12-10,0.0
Canada,2024-12-11,0.0
Canada,2024-12-12,0.0
Canada,2024-12-13,0.0
Canada,2024-12-14,0.0
Canada,2024-12-15,0.0
Canada,2024-12-16,0.0
Canada,2024-12-17,0.0
Canada,2024-12-18,0.0
Canada,2024-12-19,0.0
Canada,2024-12-20,0.0
Canada,2024-12-21,0.0
Canada,2024-12-22,0.0
Canada,2024-12-23,0.0
Canada,2024-12-24,0.0
Canada,2024-12-25,0.0
Canada,2024-12-26,0.0
Canada,2024-12-27,0.0
Canada,2024-12-28,0.0
Canada,2024-12-29,0.0
Canada,2024-12-30,0.0
Canada,2024-12-31,0.0
Canada,2025-01-01,0.0
Canada,2025-01-02,0.0
Canada,2025-01-03,0.0
Canada,2025-01-04,0.0
Canada,2025-01-05,0.0
Canada,2025-01-06,0.0
Canada,2025-01-07,0.0
Canada,2025-01-08,0.0
Canada,2025-01-09,0.0
Canada,2025-01-10,0.0
Canada,2025-01-11,0.0
Canada,2025-01-12,0.0
Canada,2025-01-13,0.0
Canada,2025-01-14,0.0
Canada,2025-01-15,0.0
Canada,2025-01-16,0.0
Canada,2025-01-17,0.0
Canada,2025-01-18,0.0
Canada,2025-01-19,0.0
Canada,2025-01-20,0.0
Canada,2025-01-21,0.0
Canada,2025-01-22,0.0
Canada,2025-01-23,0.0
Canada,2025-01-24,0.0
Canada,2025-01-25,0.0
Canada,2025-01-26,0.0
Canada,2025-01-27,0.0
Canada,2025-01-28,0.0
Canada,2025-01-29,0.0
Canada,2025-01-30,0.0
Canada,2025-01-31,0.0
Canada,2025-02-01,0.0
Canada,2025-02-02,0.0
Canada,2025-02-03,0.0
Canada,2025-02-04,0.0
Canada,2025-02-05,0.0
Canada,2025-02-06,0.0
Canada,2025-02-07,0.0
Canada,2025-02-08,0.0
Canada,2025-02-09,0.0
Canada,2025-02-10,0.0
Canada,2025-02-11,0.0
Canada,2025-02-12,0.0
Canada,2025-02-13,0.0
Canada,2025-02-14,0.0
Canada,2025-02-15,0.0
Canada,2025-02-16,0.0
Canada,2025-02-17,0.0
Canada,2025-02-18,0.0
Canada,2025-02-19,0.0
Canada,2025-02-20,0.0
Canada,2025-02-21,0.0
Canada,2025-02-22,0.0
Canada,2025-02-23,0.0
Canada,2025-02-24,0.0
Canada,2025-02-25,0.0
Canada,2025-02-26,0.0
Canada,2025-02-27,0.0
Canada,2025-02-28,0.0
Canada,2025-03-01,0.0
Canada,2025-03-02,0.0
Canada,2025-03-03,0.0
Canada,2025-03-04,0.0
Canada,2025-03-05,0.0
Canada,2025-03-06,0.0
Canada,2025-03-07,0.0
Canada,2025-03-08,0.0
Canada,2025-03-09,0.0
Canada,2025-03-10,0.0
Canada,2025-03-11,0.0
Canada,2025-03-12,0.0
Canada,2025-03-13,0.0
Canada,2025-03-14,0.0
Canada,2025-03-15,0.0
Canada,2025-03-16,0.0
Canada,2025-03-17,0.0
Canada,2025-03-18,0.0
Canada,2025-03-19,0.0
Canada,2025-03-20,0.0
Canada,2025-03-21,0.0
Canada,2025-03-22,0.0
Canada,2025-03-23,0.0
Canada,2025-03-24,0.0
Canada,2025-03-25,0.0
Canada,2025-03-26,0.0
Canada,2025-03-27,0.0
Canada,2025-03-28,0.0
Canada,2025-03-29,0.0
Canada,2025-03-30,0.0
Canada,2025-03-31,0.0
Canada,2025-04-01,0.0
Canada,2025-04-02,0.0
Canada,2025-04-03,0.0
Canada,2025-04-04,0.0
Canada,2025-04-05,0.0
Canada,2025-04-06,0.0
Canada,2025-04-07,0.0
Canada,2025-04-08,0.0
Canada,2025-04-09,0.0
Canada,2025-04-10,0.0
Canada,2025-04-11,0.0
Canada,2025-04-12,0.0
Canada,2025-04-13,0.0
Canada,2025-04-14,0.0
Canada,2025-04-15,0.0
Canada,2025-04-16,0.0
Canada,2025-04-17,0.0
Canada,2025-04-18,0.0
Canada,2025-04-19,0.0
Canada,2025-04-20,0.0
Canada,2025-04-21,0.0
Canada,2025-04-22,0.0
Canada,2025-04-23,0.0
Canada,2025-04-24,0.0
Canada,2025-04-25,0.0
Canada,2025-04-26,0.0
Canada,2025-04-27,0.0
Canada,2025-04-28,0.0
Canada,2025-04-29,0.0
Canada,2025-04-30,0.0
Canada,2025-05-01,0.0
Canada,2025-05-02,0.0
Canada,2025-05-03,0.0
Canada,2025-05-04,0.0
Canada,2025-05-05,0.0
Canada,2025-05-06,0.0
Canada,2025-05-07,0.0
Canada,2025-05-08,0.0
Canada,2025-05-09,0.0
Canada,2025-05-10,0.0
Canada,2025-05-11,0.0
