t,date,smoothed_phi
47,2020-03-10,16.632150616603308
48,2020-03-11,18.829075901995353
49,2020-03-12,21.35062582217463
50,2020-03-13,24.19625362934052
51,2020-03-14,27.353565908230358
52,2020-03-15,30.79760004476833
53,2020-03-16,34.489427529566726
54,2020-03-17,38.37379604772946
55,2020-03-18,42.376615708550965
56,2020-03-19,46.40418619092085
57,2020-03-20,50.346286656029996
58,2020-03-21,54.084051217050614
59,2020-03-22,57.501268061885575
60,2020-03-23,60.49566529992509
61,2020-03-24,62.986328793480816
62,2020-03-25,64.91507842494332
63,2020-03-26,66.24246294186482
64,2020-03-27,66.94150418905792
65,2020-03-28,66.99345009751232
66,2020-03-29,66.38940766454148
67,2020-03-30,65.13987330010285
68,2020-03-31,63.290694895617044
69,2020-04-01,60.93914835815713
70,2020-04-02,58.239789736633625
71,2020-04-03,55.39088816562658
72,2020-04-04,52.60121582206119
73,2020-04-05,50.049264809049
74,2020-04-06,47.852432692635105
75,2020-04-07,46.057198031708424
76,2020-04-08,44.64896297400138
77,2020-04-09,43.57216705607341
78,2020-04-10,42.75112261872109
79,2020-04-11,42.10636010570942
80,2020-04-12,41.565502895220796
81,2020-04-13,41.06977870110517
82,2020-04-14,40.5774865368626
83,2020-04-15,40.065144546867295
84,2020-04-16,39.526549878297665
85,2020-04-17,38.96998030162192
86,2020-04-18,38.4141276791231
87,2020-04-19,37.8836680204061
88,2020-04-20,37.40533766626653
89,2020-04-21,37.005016866828996
90,2020-04-22,36.70585719645926
91,2020-04-23,36.527143113389336
92,2020-04-24,36.48342347540972
93,2020-04-25,36.58346763186338
94,2020-04-26,36.82878110257336
95,2020-04-27,37.21177703750521
96,2020-04-28,37.71420973674169
97,2020-04-29,38.306921359032955
98,2020-04-30,38.9519173145779
99,2020-05-01,39.60693940242489
100,2020-05-02,40.23130041813768
101,2020-05-03,40.79072525192132
102,2020-05-04,41.25921049155321
103,2020-05-05,41.61738446955386
104,2020-05-06,41.848526861667175
105,2020-05-07,41.934392069580696
106,2020-05-08,41.853114410821256
107,2020-05-09,41.580986462443796
108,2020-05-10,41.09878300932325
109,2020-05-11,40.40131843928698
110,2020-05-12,39.506467158255504
111,2020-05-13,38.45866174004523
112,2020-05-14,37.323871395372905
113,2020-05-15,36.17777903140581
114,2020-05-16,35.09273516300687
115,2020-05-17,34.12890155744173
116,2020-05-18,33.331498784642314
117,2020-05-19,32.732468587036415
118,2020-05-20,32.35329298730022
119,2020-05-21,32.20607265545576
120,2020-05-22,32.291293658394714
121,2020-05-23,32.59245188922066
122,2020-05-24,33.06968899714169
123,2020-05-25,33.65627779348122
124,2020-05-26,34.26190094880328
125,2020-05-27,34.78413345343142
126,2020-05-28,35.12525024777805
127,2020-05-29,35.20839361181674
128,2020-05-30,34.987631833194115
129,2020-05-31,34.449822056599274
130,2020-06-01,33.60965947755034
131,2020-06-02,32.50092119719092
132,2020-06-03,31.16683006058795
133,2020-06-04,29.651772798561744
134,2020-06-05,27.99605017094022
135,2020-06-06,26.23492065533575
136,2020-06-07,24.40241666402939
137,2020-06-08,22.538626628254818
138,2020-06-09,20.696355184958875
139,2020-06-10,18.941157099196854
140,2020-06-11,17.34110106200702
141,2020-06-12,15.949924754326563
142,2020-06-13,14.793405368148534
143,2020-06-14,13.866662239481863
144,2020-06-15,13.14178957427231
145,2020-06-16,12.579408914266573
146,2020-06-17,12.138294010939576
147,2020-06-18,11.780895115716968
148,2020-06-19,11.475432370681338
149,2020-06-20,11.196200490011075
150,2020-06-21,10.92354223733617
151,2020-06-22,10.644325799506822
152,2020-06-23,10.352941094020803
153,2020-06-24,10.051938451948219
154,2020-06-25,9.750968939636664
155,2020-06-26,9.463361957640416
156,2020-06-27,9.201346605607958
157,2020-06-28,8.972082865542644
158,2020-06-29,8.776076321635657
159,2020-06-30,8.60792559262416
160,2020-07-01,8.458321210528538
161,2020-07-02,8.316299681463407
162,2020-07-03,8.171307204299483
163,2020-07-04,8.01497314371108
164,2020-07-05,7.84250071072693
165,2020-07-06,7.653471259906295
166,2020-07-07,7.451865448276155
167,2020-07-08,7.245288605708654
168,2020-07-09,7.043630733195937
169,2020-07-10,6.857536836040322
170,2020-07-11,6.697050373862955
171,2020-07-12,6.570670694089906
172,2020-07-13,6.48491451244166
173,2020-07-14,6.444337814290809
174,2020-07-15,6.451867075571349
175,2020-07-16,6.509209893846138
176,2020-07-17,6.617083334689877
177,2020-07-18,6.775050668669893
178,2020-07-19,6.980934257931353
179,2020-07-20,7.230072848602089
180,2020-07-21,7.514994189907816
181,2020-07-22,7.826111062238226
182,2020-07-23,8.153593605606615
183,2020-07-24,8.489791536924821
184,2020-07-25,8.8310819532879
185,2020-07-26,9.178268046392088
186,2020-07-27,9.535431690462262
187,2020-07-28,9.907818856270337
188,2020-07-29,10.299555732386757
189,2020-07-30,10.711855364842577
190,2020-07-31,11.142107244306626
191,2020-08-01,11.583951869902352
192,2020-08-02,12.028161246815424
193,2020-08-03,12.463955772225912
194,2020-08-04,12.880396991269617
195,2020-08-05,13.267701301066845
196,2020-08-06,13.618543570804666
197,2020-08-07,13.929442806579843
198,2020-08-08,14.202111938755023
199,2020-08-09,14.444436571550115
200,2020-08-10,14.670790344933021
201,2020-08-11,14.901697991140034
202,2020-08-12,15.163128355758392
203,2020-08-13,15.485649690513013
204,2020-08-14,15.90327222073092
205,2020-08-15,16.4512225818528
206,2020-08-16,17.161429137710435
207,2020-08-17,18.054579075282273
208,2020-08-18,19.128889479607942
209,2020-08-19,20.348675374436294
210,2020-08-20,21.639362023333113
211,2020-08-21,22.896175656598906
212,2020-08-22,24.00762464197689
213,2020-08-23,24.88444345401646
214,2020-08-24,25.479521826047563
215,2020-08-25,25.79055841448093
216,2020-08-26,25.848573002947926
217,2020-08-27,25.701560762907206
218,2020-08-28,25.400922163633915
219,2020-08-29,24.993542954916315
220,2020-08-30,24.51892406939799
221,2020-08-31,24.009544504510405
222,2020-09-01,23.49275606990198
223,2020-09-02,22.992986288116
224,2020-09-03,22.53344148177629
225,2020-09-04,22.13683779696891
226,2020-09-05,21.825047324885883
227,2020-09-06,21.617947267105468
228,2020-09-07,21.5320698658305
229,2020-09-08,21.579690350873264
230,2020-09-09,21.768707558114762
231,2020-09-10,22.103209273325742
232,2020-09-11,22.584204141168797
233,2020-09-12,23.209818957869846
234,2020-09-13,23.974369839524112
235,2020-09-14,24.866114056320907
236,2020-09-15,25.864131509597545
237,2020-09-16,26.935533847418267
238,2020-09-17,28.034733917335206
239,2020-09-18,29.10635427461894
240,2020-09-19,30.09220254527184
241,2020-09-20,30.940926288673708
242,2020-09-21,31.617523021445248
243,2020-09-22,32.10983754305099
244,2020-09-23,32.430556745384116
245,2020-09-24,32.61498722784075
246,2020-09-25,32.71595817293392
247,2020-09-26,32.79721688781901
248,2020-09-27,32.92615336141091
249,2020-09-28,33.16626045811099
250,2020-09-29,33.56974625844995
251,2020-09-30,34.17107484139017
252,2020-10-01,34.98256492416912
253,2020-10-02,35.993149122585436
254,2020-10-03,37.17082215191966
255,2020-10-04,38.46832891868527
256,2020-10-05,39.83066494068549
257,2020-10-06,41.20244042919093
258,2020-10-07,42.53336075103096
259,2020-10-08,43.780912810373366
260,2020-10-09,44.91042917810222
261,2020-10-10,45.893571782633316
262,2020-10-11,46.706649799706156
263,2020-10-12,47.330021572775
264,2020-10-13,47.749242292997934
265,2020-10-14,47.957783614153705
266,2020-10-15,47.96031533286592
267,2020-10-16,47.77505460368993
268,2020-10-17,47.43389146031985
269,2020-10-18,46.97992046940336
270,2020-10-19,46.463194781815716
271,2020-10-20,45.9362815429238
272,2020-10-21,45.45113044819135
273,2020-10-22,45.058021458747305
274,2020-10-23,44.80642189139184
275,2020-10-24,44.74687349690372
276,2020-10-25,44.93270305592211
277,2020-10-26,45.420397878234
278,2020-10-27,46.267892848920674
279,2020-10-28,47.5307539306022
280,2020-10-29,49.25712792244568
281,2020-10-30,51.48291312738946
282,2020-10-31,54.228409113552715
283,2020-11-01,57.49670090625671
284,2020-11-02,61.272877260994704
285,2020-11-03,65.52274364569139
286,2020-11-04,70.190303373628
287,2020-11-05,75.19451021964657
288,2020-11-06,80.4268787654047
289,2020-11-07,85.7519358270889
290,2020-11-08,91.01210221530373
291,2020-11-09,96.03763493448437
292,2020-11-10,100.66110130220228
293,2020-11-11,104.73482408554779
294,2020-11-12,108.14897298475549
295,2020-11-13,110.8474055630787
296,2020-11-14,112.83786417469786
297,2020-11-15,114.19293318627885
298,2020-11-16,115.03902694299978
299,2020-11-17,115.53346336210929
300,2020-11-18,115.83408664575741
301,2020-11-19,116.06974256963419
302,2020-11-20,116.32035402155137
303,2020-11-21,116.6116107896456
304,2020-11-22,116.92369859675983
305,2020-11-23,117.20936999905842
306,2020-11-24,117.41548554782025
307,2020-11-25,117.50304781017087
308,2020-11-26,117.46212141290019
309,2020-11-27,117.31915857289381
310,2020-11-28,117.13548276067908
311,2020-11-29,116.99757566909584
312,2020-11-30,117.00217138181284
313,2020-12-01,117.24088900907296
314,2020-12-02,117.78905369477211
315,2020-12-03,118.7012747223926
316,2020-12-04,120.01331083009947
317,2020-12-05,121.7472455211774
318,2020-12-06,123.91598668629919
319,2020-12-07,126.52374711720225
320,2020-12-08,129.56111984216616
321,2020-12-09,132.9961031684226
322,2020-12-10,136.7651084291288
323,2020-12-11,140.76929078052038
324,2020-12-12,144.88026769168522
325,2020-12-13,148.95554529818713
326,2020-12-14,152.8597592685465
327,2020-12-15,156.48572504938167
328,2020-12-16,159.7702554838949
329,2020-12-17,162.70246777604044
330,2020-12-18,165.32478540369695
331,2020-12-19,167.7278715135733
332,2020-12-20,170.04047601598936
333,2020-12-21,172.41454151093566
334,2020-12-22,175.0058670743104
335,2020-12-23,177.95185186826987
336,2020-12-24,181.35034256501578
337,2020-12-25,185.24619037185684
338,2020-12-26,189.6323354314701
339,2020-12-27,194.46795165967802
340,2020-12-28,199.70835386320175
341,2020-12-29,205.33476307746415
342,2020-12-30,211.37154203206936
343,2020-12-31,217.88435874444798
344,2021-01-01,224.9604399932194
345,2021-01-02,232.67720345094125
346,2021-01-03,241.06722047091932
347,2021-01-04,250.08744746109684
348,2021-01-05,259.6005233804439
349,2021-01-06,269.3752569410608
350,2021-01-07,279.11032012463085
351,2021-01-08,288.47833366401386
352,2021-01-09,297.1786305096279
353,2021-01-10,304.98094064310396
354,2021-01-11,311.74407352302495
355,2021-01-12,317.4038782395949
356,2021-01-13,321.93803414638245
357,2021-01-14,325.3244026368622
358,2021-01-15,327.5108969968409
359,2021-01-16,328.4090220697462
360,2021-01-17,327.9137562896894
361,2021-01-18,325.94252846098266
362,2021-01-19,322.4783406417906
363,2021-01-20,317.5993774358199
364,2021-01-21,311.4820209936085
365,2021-01-22,304.3754293655637
366,2021-01-23,296.55853491249
367,2021-01-24,288.29723497780526
368,2021-01-25,279.81695756866685
369,2021-01-26,271.2964674416779
370,2021-01-27,262.87915502795164
371,2021-01-28,254.6928927581036
372,2021-01-29,246.86945547781642
373,2021-01-30,239.55723527631437
374,2021-01-31,232.9239958039281
375,2021-02-01,227.14844403118371
376,2021-02-02,222.40070844689427
377,2021-02-03,218.81362454458673
378,2021-02-04,216.45010662458654
379,2021-02-05,215.27619389247585
380,2021-02-06,215.15136887300892
381,2021-02-07,215.84347279124805
382,2021-02-08,217.0649273397356
383,2021-02-09,218.51645077241608
384,2021-02-10,219.9221425102715
385,2021-02-11,221.0472963349526
386,2021-02-12,221.7012266967976
387,2021-02-13,221.73419695918037
388,2021-02-14,221.03751160798666
389,2021-02-15,219.550969293435
390,2021-02-16,217.2756578971766
391,2021-02-17,214.28546700847363
392,2021-02-18,210.72962711694322
393,2021-02-19,206.82152457306583
394,2021-02-20,202.8144799560432
395,2021-02-21,198.9701643541558
396,2021-02-22,195.52731568601874
397,2021-02-23,192.676947703182
398,2021-02-24,190.5469081008384
399,2021-02-25,189.19555299355508
400,2021-02-26,188.6126675640613
401,2021-02-27,188.72556285280876
402,2021-02-28,189.4088492466143
403,2021-03-01,190.49707181571418
404,2021-03-02,191.79983786595412
405,2021-03-03,193.11915421880727
406,2021-03-04,194.26836912343958
407,2021-03-05,195.0913765404494
408,2021-03-06,195.4797956781199
409,2021-03-07,195.38522628809528
410,2021-03-08,194.82405867967847
411,2021-03-09,193.87392737864363
412,2021-03-10,192.6631635150061
413,2021-03-11,191.35634214417234
414,2021-03-12,190.1391709457877
415,2021-03-13,189.20421025144026
416,2021-03-14,188.73586690241254
417,2021-03-15,188.8903475827643
418,2021-03-16,189.76659396381623
419,2021-03-17,191.3711467056576
420,2021-03-18,193.5934405735677
421,2021-03-19,196.2175570147207
422,2021-03-20,198.98350372474474
423,2021-03-21,201.67516315444132
424,2021-03-22,204.18742906150501
425,2021-03-23,206.54176542396272
426,2021-03-24,208.85794244246546
427,2021-03-25,211.30987562186417
428,2021-03-26,214.08656277624792
429,2021-03-27,217.36364189378747
430,2021-03-28,221.2821645285763
431,2021-03-29,225.93094439643366
432,2021-03-30,231.3333459530846
433,2021-03-31,237.44383413989158
434,2021-04-01,244.15975623772616
435,2021-04-02,251.34789039754807
436,2021-04-03,258.8766946021908
437,2021-04-04,266.64114697997405
438,2021-04-05,274.5717069364442
439,2021-04-06,282.62851663231663
440,2021-04-07,290.78886347939374
441,2021-04-08,299.03606058350584
442,2021-04-09,307.3530297407142
443,2021-04-10,315.7182915736481
444,2021-04-11,324.0990540127394
445,2021-04-12,332.43689688797264
446,2021-04-13,340.6261509437185
447,2021-04-14,348.49263160899994
448,2021-04-15,355.7880927635217
449,2021-04-16,362.21702582617576
450,2021-04-17,367.4995239472643
451,2021-04-18,371.4487647183761
452,2021-04-19,374.0235955421285
453,2021-04-20,375.32697857177004
454,2021-04-21,375.55430270090125
455,2021-04-22,374.92204524242646
456,2021-04-23,373.60806140155603
457,2021-04-24,371.71872159439613
458,2021-04-25,369.2832396509104
459,2021-04-26,366.2693918705608
460,2021-04-27,362.61396513488154
461,2021-04-28,358.2599516235777
462,2021-04-29,353.18923347200183
463,2021-04-30,347.4383887399685
464,2021-05-01,341.09142392406517
465,2021-05-02,334.25520544823337
466,2021-05-03,327.03207501567067
467,2021-05-04,319.50256173321657
468,2021-05-05,311.7220584307502
469,2021-05-06,303.7271000086719
470,2021-05-07,295.54441768585747
471,2021-05-08,287.19854007812813
472,2021-05-09,278.71818547612895
473,2021-05-10,270.1450698632885
474,2021-05-11,261.54887975916677
475,2021-05-12,253.04792616168316
476,2021-05-13,244.82755380864648
477,2021-05-14,237.14244316467563
478,2021-05-15,230.29136427237867
479,2021-05-16,224.5664029455773
480,2021-05-17,220.19528327920563
481,2021-05-18,217.30094838600027
482,2021-05-19,215.89137470797988
483,2021-05-20,215.87467408667027
484,2021-05-21,217.08433071837453
485,2021-05-22,219.30177478920405
486,2021-05-23,222.27290062299897
487,2021-05-24,225.72350955754396
488,2021-05-25,229.38064533070883
489,2021-05-26,233.0013525038635
490,2021-05-27,236.4016432194272
491,2021-05-28,239.47398893437108
492,2021-05-29,242.18602662229344
493,2021-05-30,244.56274634972803
494,2021-05-31,246.66122548334587
495,2021-06-01,248.5470392028275
496,2021-06-02,250.27720046431745
497,2021-06-03,251.89020331913264
498,2021-06-04,253.40172704607906
499,2021-06-05,254.8046596570783
500,2021-06-06,256.0731406191608
501,2021-06-07,257.171042254536
502,2021-06-08,258.06467994591526
503,2021-06-09,258.7371948553697
504,2021-06-10,259.1990506441054
505,2021-06-11,259.48801971992276
506,2021-06-12,259.6551188986677
507,2021-06-13,259.73917360415965
508,2021-06-14,259.73779334470663
509,2021-06-15,259.5830594547458
510,2021-06-16,259.12686970791174
511,2021-06-17,258.13724516257554
512,2021-06-18,256.3057735544606
513,2021-06-19,253.26793912469998
514,2021-06-20,248.64050690258244
515,2021-06-21,242.08035468466565
516,2021-06-22,233.36371776077752
517,2021-06-23,222.47195810494568
518,2021-06-24,209.6538896963543
519,2021-06-25,195.4281101762122
520,2021-06-26,180.5056708822415
521,2021-06-27,165.65174113773875
522,2021-06-28,151.53922372533637
523,2021-06-29,138.64962080183392
524,2021-06-30,127.24613079885461
525,2021-07-01,117.40703013634743
526,2021-07-02,109.08801833066488
527,2021-07-03,102.18390190779071
528,2021-07-04,96.57231394568926
529,2021-07-05,92.13498194523454
530,2021-07-06,88.76111398450021
531,2021-07-07,86.34202527786256
532,2021-07-08,84.7660944624144
533,2021-07-09,83.9192307762275
534,2021-07-10,83.69073236846671
535,2021-07-11,83.98087173945699
536,2021-07-12,84.70618568579346
537,2021-07-13,85.8003172871311
538,2021-07-14,87.21054683520134
539,2021-07-15,88.89174796958592
540,2021-07-16,90.80020220062478
541,2021-07-17,92.88959426048991
542,2021-07-18,95.11064186013937
543,2021-07-19,97.41435979985872
544,2021-07-20,99.75747189157961
545,2021-07-21,102.10771707336536
546,2021-07-22,104.4471426863757
547,2021-07-23,106.77264658764607
548,2021-07-24,109.09432805361227
549,2021-07-25,111.43309148890532
550,2021-07-26,113.81926409906043
551,2021-07-27,116.293812602086
552,2021-07-28,118.9131383093537
553,2021-07-29,121.75740995912653
554,2021-07-30,124.94102168159345
555,2021-07-31,128.62213542403586
556,2021-08-01,133.00636304371193
557,2021-08-02,138.33743945296385
558,2021-08-03,144.8661100240489
559,2021-08-04,152.79068295893904
560,2021-08-05,162.1744653092606
561,2021-08-06,172.86891224055708
562,2021-08-07,184.49357274975728
563,2021-08-08,196.51412789350522
564,2021-08-09,208.402583390851
565,2021-08-10,219.79999142907587
566,2021-08-11,230.5981205362476
567,2021-08-12,240.91643608848105
568,2021-08-13,251.01080196021712
569,2021-08-14,261.1646889673509
570,2021-08-15,271.5950363850552
571,2021-08-16,282.38564729399303
572,2021-08-17,293.45507651920036
573,2021-08-18,304.5668880029291
574,2021-08-19,315.38513049774326
575,2021-08-20,325.56172168407244
576,2021-08-21,334.82459600085883
577,2021-08-22,343.032608943225
578,2021-08-23,350.1808350999121
579,2021-08-24,356.3648831127597
580,2021-08-25,361.7273347077414
581,2021-08-26,366.4078490714895
582,2021-08-27,370.50814017666033
583,2021-08-28,374.0734832515116
584,2021-08-29,377.08827489728554
585,2021-08-30,379.484070612388
586,2021-08-31,381.1613740221375
587,2021-09-01,382.0269628966741
588,2021-09-02,382.042787108985
589,2021-09-03,381.2709996276988
590,2021-09-04,379.8917535954716
591,2021-09-05,378.1787786942516
592,2021-09-06,376.44182271803817
593,2021-09-07,374.96469346724194
594,2021-09-08,373.9650283189225
595,2021-09-09,373.5828683634648
596,2021-09-10,373.8886796766346
597,2021-09-11,374.89754319801756
598,2021-09-12,376.58149601909054
599,2021-09-13,378.8794152936912
600,2021-09-14,381.70868519027823
601,2021-09-15,384.98257648723893
602,2021-09-16,388.631145046947
603,2021-09-17,392.61539975225753
604,2021-09-18,396.9227374849727
605,2021-09-19,401.5406231683816
606,2021-09-20,406.4185703008745
607,2021-09-21,411.43454566355825
608,2021-09-22,416.37783145902137
609,2021-09-23,420.9518142454219
610,2021-09-24,424.793372031667
611,2021-09-25,427.502791141812
612,2021-09-26,428.67907041065365
613,2021-09-27,427.9587152231272
614,2021-09-28,425.0595526253527
615,2021-09-29,419.8317316153336
616,2021-09-30,412.31311517657105
617,2021-10-01,402.7756134016862
618,2021-10-02,391.7382701950691
619,2021-10-03,379.92325664498196
620,2021-10-04,368.1507246040239
621,2021-10-05,357.2004558670969
622,2021-10-06,347.688862905324
623,2021-10-07,340.000492705529
624,2021-10-08,334.281044391595
625,2021-10-09,330.4700513579451
626,2021-10-10,328.3446002819381
627,2021-10-11,327.55928918251055
628,2021-10-12,327.6871481831357
629,2021-10-13,328.2746904024399
630,2021-10-14,328.9131205838096
631,2021-10-15,329.30625459025345
632,2021-10-16,329.30695644045267
633,2021-10-17,328.90964759863715
634,2021-10-18,328.2112118659761
635,2021-10-19,327.3636584418514
636,2021-10-20,326.5351594037533
637,2021-10-21,325.88338606860026
638,2021-10-22,325.5368721833762
639,2021-10-23,325.5787560311286
640,2021-10-24,326.03060784676177
641,2021-10-25,326.8393962908423
642,2021-10-26,327.87507424324116
643,2021-10-27,328.9464708538099
644,2021-10-28,329.83733844535493
645,2021-10-29,330.3550738111239
646,2021-10-30,330.37818103832694
647,2021-10-31,329.889554176282
648,2021-11-01,328.98932305653517
649,2021-11-02,327.88748400403404
650,2021-11-03,326.8790745374127
651,2021-11-04,326.30410948812283
652,2021-11-05,326.4940031386251
653,2021-11-06,327.70799317295047
654,2021-11-07,330.0673945751803
655,2021-11-08,333.5011090610524
656,2021-11-09,337.72048076704726
657,2021-11-10,342.24183930169784
658,2021-11-11,346.4664286772666
659,2021-11-12,349.8077774644189
660,2021-11-13,351.8321268128433
661,2021-11-14,352.3639622493824
662,2021-11-15,351.5199789114337
663,2021-11-16,349.66737712826875
664,2021-11-17,347.33456659577075
665,2021-11-18,345.11359190044607
666,2021-11-19,343.5815039483602
667,2021-11-20,343.245498684941
668,2021-11-21,344.49851754963026
669,2021-11-22,347.56686551757554
670,2021-11-23,352.4434684043549
671,2021-11-24,358.8288216280649
672,2021-11-25,366.13076438366437
673,2021-11-26,373.56906706775624
674,2021-11-27,380.3697953181329
675,2021-11-28,385.95968649436
676,2021-11-29,390.06269373126594
677,2021-11-30,392.6724662104202
678,2021-12-01,393.94983399060266
679,2021-12-02,394.11174884178564
680,2021-12-03,393.35033793434883
681,2021-12-04,391.7893320988853
682,2021-12-05,389.47052902422143
683,2021-12-06,386.36238660420753
684,2021-12-07,382.3869794750779
685,2021-12-08,377.4634551131247
686,2021-12-09,371.5626342349625
687,2021-12-10,364.7595111017313
688,2021-12-11,357.2640871869375
689,2021-12-12,349.41459780069584
690,2021-12-13,341.63345291411395
691,2021-12-14,334.3657764582381
692,2021-12-15,328.02836178556873
693,2021-12-16,322.987492312586
694,2021-12-17,319.5658406618716
695,2021-12-18,318.06368402599384
696,2021-12-19,318.7732331162756
697,2021-12-20,321.966129732611
698,2021-12-21,327.8431267123705
699,2021-12-22,336.45476682085297
700,2021-12-23,347.6306397840989
701,2021-12-24,360.9732276223972
702,2021-12-25,375.9505794520879
703,2021-12-26,392.0589460005563
704,2021-12-27,408.97336445773
705,2021-12-28,426.6133368501428
706,2021-12-29,445.1082859604798
707,2021-12-30,464.69582625783505
708,2021-12-31,485.5958557135028
709,2022-01-01,507.89048935004945
710,2022-01-02,531.4287220756653
711,2022-01-03,555.7740233886998
712,2022-01-04,580.215425004499
713,2022-01-05,603.8553061018903
714,2022-01-06,625.7636899509506
715,2022-01-07,645.1581652804465
716,2022-01-08,661.5513085633423
717,2022-01-09,674.8192348558505
718,2022-01-10,685.1798781138128
719,2022-01-11,693.1050806055579
720,2022-01-12,699.2071726616903
721,2022-01-13,704.1357611542854
722,2022-01-14,708.5038239117102
723,2022-01-15,712.8450557030666
724,2022-01-16,717.592730029964
725,2022-01-17,723.0656095149761
726,2022-01-18,729.4488420867559
727,2022-01-19,736.7679374038955
728,2022-01-20,744.8705068798563
729,2022-01-21,753.4441712333183
730,2022-01-22,762.092021966371
731,2022-01-23,770.4511933682796
732,2022-01-24,778.3011093650322
733,2022-01-25,785.6078815259453
734,2022-01-26,792.4937884233786
735,2022-01-27,799.1627465589171
736,2022-01-28,805.8209806988187
737,2022-01-29,812.6153713935574
738,2022-01-30,819.5951091403288
739,2022-01-31,826.6972882613331
740,2022-02-01,833.760249440221
741,2022-02-02,840.5696037636934
742,2022-02-03,846.9326235693654
743,2022-02-04,852.7586839037893
744,2022-02-05,858.1112358165672
745,2022-02-06,863.2056748993986
746,2022-02-07,868.3541248888414
747,2022-02-08,873.881404770715
748,2022-02-09,880.0407650888895
749,2022-02-10,886.9476587311101
750,2022-02-11,894.5383815167207
751,2022-02-12,902.5553824383859
752,2022-02-13,910.5611944504657
753,2022-02-14,917.9839178408272
754,2022-02-15,924.1956359440236
755,2022-02-16,928.6189843686032
756,2022-02-17,930.8453673511717
757,2022-02-18,930.7338988141959
758,2022-02-19,928.4531014463214
759,2022-02-20,924.4403601450617
760,2022-02-21,919.2874692931354
761,2022-02-22,913.5941899198548
762,2022-02-23,907.8409171352225
763,2022-02-24,902.3125824986109
764,2022-02-25,897.0780624898551
765,2022-02-26,892.0134273154869
766,2022-02-27,886.8588403902198
767,2022-02-28,881.3089668619681
768,2022-03-01,875.1401838591227
769,2022-03-02,868.3604839042495
770,2022-03-03,861.3297772257245
771,2022-03-04,854.771827343243
772,2022-03-05,849.6355565791374
773,2022-03-06,846.8617329002624
774,2022-03-07,847.1802627653294
775,2022-03-08,851.0260164518726
776,2022-03-09,858.5621793961457
777,2022-03-10,869.7386622160084
778,2022-03-11,884.32008884922
779,2022-03-12,901.8581470928984
780,2022-03-13,921.6226256100974
781,2022-03-14,942.5350972120721
782,2022-03-15,963.1665480973843
783,2022-03-16,981.8535878860182
784,2022-03-17,996.9435676945116
785,2022-03-18,1007.1070036252956
786,2022-03-19,1011.601677739122
787,2022-03-20,1010.384186337972
788,2022-03-21,1004.0383922688462
789,2022-03-22,993.5705884474213
790,2022-03-23,980.1571291348657
791,2022-03-24,964.9177627975721
792,2022-03-25,948.7551478053742
793,2022-03-26,932.2730870469239
794,2022-03-27,915.7704336569003
795,2022-03-28,899.3007363196258
796,2022-03-29,882.7829477747763
797,2022-03-30,866.1400881094723
798,2022-03-31,849.4291494452054
799,2022-04-01,832.9153013906058
800,2022-04-02,817.0540287604455
801,2022-04-03,802.3843323184793
802,2022-04-04,789.3830209634319
803,2022-04-05,778.3461065240247
804,2022-04-06,769.3356690769169
805,2022-04-07,762.1871880140594
806,2022-04-08,756.5482206339175
807,2022-04-09,751.9238726613463
808,2022-04-10,747.7246988070543
809,2022-04-11,743.3310662299442
810,2022-04-12,738.1904746630108
811,2022-04-13,731.9419630810046
812,2022-04-14,724.5224949984051
813,2022-04-15,716.1901166770846
814,2022-04-16,707.4346479144083
815,2022-04-17,698.8194927735603
816,2022-04-18,690.8377547112962
817,2022-04-19,683.8380990899393
818,2022-04-20,678.0204402821898
819,2022-04-21,673.469724911934
820,2022-04-22,670.1972015600968
821,2022-04-23,668.1736812537009
822,2022-04-24,667.3518848043439
823,2022-04-25,667.6802791937491
824,2022-04-26,669.1107983489877
825,2022-04-27,671.6009129506406
826,2022-04-28,675.1094345321292
827,2022-04-29,679.5868565360115
828,2022-04-30,684.9647215219062
829,2022-05-01,691.1515434009438
830,2022-05-02,698.0409912442017
831,2022-05-03,705.5304885754679
832,2022-05-04,713.5404454141456
833,2022-05-05,722.022658850156
834,2022-05-06,730.9514244510738
835,2022-05-07,740.2975277442143
836,2022-05-08,749.9901996083829
837,2022-05-09,759.876905017526
838,2022-05-10,769.6979087577723
839,2022-05-11,779.0986150457187
840,2022-05-12,787.6964182950763
841,2022-05-13,795.1909879465512
842,2022-05-14,801.470360450847
843,2022-05-15,806.6555040326331
844,2022-05-16,811.0615264479817
845,2022-05-17,815.1038943419006
846,2022-05-18,819.1980329947917
847,2022-05-19,823.683859331995
848,2022-05-20,828.7803195585282
849,2022-05-21,834.5614324618138
850,2022-05-22,840.9471348908252
851,2022-05-23,847.7108304991389
852,2022-05-24,854.5114354698518
853,2022-05-25,860.9543696666204
854,2022-05-26,866.6728069034629
855,2022-05-27,871.4055974093765
856,2022-05-28,875.0442514823505
857,2022-05-29,877.6339813418048
858,2022-05-30,879.3347562122094
859,2022-05-31,880.3628649636564
860,2022-06-01,880.9341552475763
861,2022-06-02,881.2209718374681
862,2022-06-03,881.3244595636917
863,2022-06-04,881.2580800137422
864,2022-06-05,880.9381869918021
865,2022-06-06,880.1820979301965
866,2022-06-07,878.7210055560469
867,2022-06-08,876.2401894861052
868,2022-06-09,872.4552463260983
869,2022-06-10,867.2139062359066
870,2022-06-11,860.5837360987268
871,2022-06-12,852.8718036995634
872,2022-06-13,844.5491401060654
873,2022-06-14,836.1088561470506
874,2022-06-15,827.9233511946524
875,2022-06-16,820.1537176898875
876,2022-06-17,812.7254005861298
877,2022-06-18,805.3570753477044
878,2022-06-19,797.6275930799346
879,2022-06-20,789.075884907659
880,2022-06-21,779.332372584306
881,2022-06-22,768.266655452909
882,2022-06-23,756.1088380799551
883,2022-06-24,743.4840086882189
884,2022-06-25,731.3210948525455
885,2022-06-26,720.6598758657127
886,2022-06-27,712.4373665610373
887,2022-06-28,707.3364055130604
888,2022-06-29,705.7285882587033
889,2022-06-30,707.6902043973781
890,2022-07-01,713.050208615986
891,2022-07-02,721.4400780848291
892,2022-07-03,732.3344996431181
893,2022-07-04,745.084386196297
894,2022-07-05,758.9482668414435
895,2022-07-06,773.1293155765384
896,2022-07-07,786.8262645180271
897,2022-07-08,799.3057625040364
898,2022-07-09,809.9975841256231
899,2022-07-10,818.6011651832688
900,2022-07-11,825.1772008359375
901,2022-07-12,830.1911319332733
902,2022-07-13,834.4827955646695
903,2022-07-14,839.1543104321398
904,2022-07-15,845.3845496106926
905,2022-07-16,854.1870780625657
906,2022-07-17,866.1392390886912
907,2022-07-18,881.1411662583123
908,2022-07-19,898.3105181405092
909,2022-07-20,916.1283421154643
910,2022-07-21,932.8558168661463
911,2022-07-22,947.066108202084
912,2022-07-23,958.0359364100377
913,2022-07-24,965.8352497421553
914,2022-07-25,971.1516586137151
915,2022-07-26,975.0057058477914
916,2022-07-27,978.4938211977058
917,2022-07-28,982.6134616979507
918,2022-07-29,988.1612742841322
919,2022-07-30,995.6733985046901
920,2022-07-31,1005.3834825627771
921,2022-08-01,1017.1907171768022
922,2022-08-02,1030.6464494040588
923,2022-08-03,1044.9780399745132
924,2022-08-04,1059.1687919144406
925,2022-08-05,1072.101097283014
926,2022-08-06,1082.7482430283294
927,2022-08-07,1090.3752649823293
928,2022-08-08,1094.6915878311984
929,2022-08-09,1095.8999629321424
930,2022-08-10,1094.6146287467288
931,2022-08-11,1091.6698987943425
932,2022-08-12,1087.884507251926
933,2022-08-13,1083.8599378595773
934,2022-08-14,1079.8662100607562
935,2022-08-15,1075.8268014111975
936,2022-08-16,1071.382902590337
937,2022-08-17,1066.0069802373662
938,2022-08-18,1059.1386041644528
939,2022-08-19,1050.318779264058
940,2022-08-20,1039.2981405284488
941,2022-08-21,1026.095198281751
942,2022-08-22,1010.9911072521346
943,2022-08-23,994.4667185316744
944,2022-08-24,977.1059936080526
945,2022-08-25,959.4967824816149
946,2022-08-26,942.1537013334294
947,2022-08-27,925.4749466211958
948,2022-08-28,909.7330444003073
949,2022-08-29,895.0921155714765
950,2022-08-30,881.6404099117734
951,2022-08-31,869.4250290221261
952,2022-09-01,858.4764119437021
953,2022-09-02,848.8153939443191
954,2022-09-03,840.445197870848
955,2022-09-04,833.3391566398388
956,2022-09-05,827.4358092840154
957,2022-09-06,822.6461257926959
958,2022-09-07,818.869526823346
959,2022-09-08,816.0118878311033
960,2022-09-09,814.0001267362564
961,2022-09-10,812.791153802397
962,2022-09-11,812.3753699663667
963,2022-09-12,812.7759140851418
964,2022-09-13,814.045018111738
965,2022-09-14,816.2588486758839
966,2022-09-15,819.512505123461
967,2022-09-16,823.917357557239
968,2022-09-17,829.6030971796489
969,2022-09-18,836.7258385660427
970,2022-09-19,845.4806031575189
971,2022-09-20,856.111587502638
972,2022-09-21,868.9078985026829
973,2022-09-22,884.1675984074592
974,2022-09-23,902.1110275410623
975,2022-09-24,922.7297172640956
976,2022-09-25,945.57856220339
977,2022-09-26,969.5657648552809
978,2022-09-27,992.8588370494456
979,2022-09-28,1013.05318426466
980,2022-09-29,1027.661524340639
981,2022-09-30,1034.7720889129878
982,2022-10-01,1033.554083738242
983,2022-10-02,1024.357520623317
984,2022-10-03,1008.4221037940744
985,2022-10-04,987.4210084204263
986,2022-10-05,963.06691877102
987,2022-10-06,936.8796046565794
988,2022-10-07,910.1001199832267
989,2022-10-08,883.6930732387353
990,2022-10-09,858.3850622912494
991,2022-10-10,834.7097183595113
992,2022-10-11,813.0485479562706
993,2022-10-12,793.6667557817617
994,2022-10-13,776.7456826165545
995,2022-10-14,762.4115046914109
996,2022-10-15,750.7569263632116
997,2022-10-16,741.8516989099899
998,2022-10-17,735.7401248944388
999,2022-10-18,732.428195981909
1000,2022-10-19,731.8669649898054
1001,2022-10-20,733.9393518868712
1002,2022-10-21,738.4537156887862
1003,2022-10-22,745.141116742787
1004,2022-10-23,753.6488332645157
1005,2022-10-24,763.5251210404391
1006,2022-10-25,774.2009590553616
1007,2022-10-26,784.9892728238466
1008,2022-10-27,795.1296877749885
1009,2022-10-28,803.8933610170806
1010,2022-10-29,810.7249854137722
1011,2022-10-30,815.3602976726388
1012,2022-10-31,817.854660703685
1013,2022-11-01,818.5029587724307
1014,2022-11-02,817.6883626473976
1015,2022-11-03,815.723243802351
1016,2022-11-04,812.7318752174069
1017,2022-11-05,808.5964857523413
1018,2022-11-06,802.968678724556
1019,2022-11-07,795.3405514202069
1020,2022-11-08,785.1652454151013
1021,2022-11-09,772.0075481766927
1022,2022-11-10,755.6924845890993
1023,2022-11-11,736.4121933946052
1024,2022-11-12,714.7577916197249
1025,2022-11-13,691.664207724082
1026,2022-11-14,668.2826517258508
1027,2022-11-15,645.8148096226182
1028,2022-11-16,625.3481991175452
1029,2022-11-17,607.724994139377
1030,2022-11-18,593.4628597372773
1031,2022-11-19,582.7315015752378
1032,2022-11-20,575.3766824430882
1033,2022-11-21,570.977046908108
1034,2022-11-22,568.9192132561409
1035,2022-11-23,568.4816073290581
1036,2022-11-24,568.9230896094775
1037,2022-11-25,569.5733746971563
1038,2022-11-26,569.9163281581667
1039,2022-11-27,569.6488624620331
1040,2022-11-28,568.6970695256688
1041,2022-11-29,567.1835058602527
1042,2022-11-30,565.3589488102793
1043,2022-12-01,563.5240667555714
1044,2022-12-02,561.9631666231005
1045,2022-12-03,560.8987661864024
1046,2022-12-04,560.4635759156452
1047,2022-12-05,560.6828939745284
1048,2022-12-06,561.4656665040218
1049,2022-12-07,562.6115124481166
1050,2022-12-08,563.8453321952694
1051,2022-12-09,564.8825754971455
1052,2022-12-10,565.5083008231406
1053,2022-12-11,565.6380392112858
1054,2022-12-12,565.3351416417185
1055,2022-12-13,564.7836926171894
1056,2022-12-14,564.2363648198909
1057,2022-12-15,563.9590001251746
1058,2022-12-16,564.1839953643836
1059,2022-12-17,565.0753703686408
1060,2022-12-18,566.7056613451801
1061,2022-12-19,569.0465354658312
1062,2022-12-20,571.9764251099721
1063,2022-12-21,575.3062790057766
1064,2022-12-22,578.8190780166408
1065,2022-12-23,582.3134249297174
1066,2022-12-24,585.6398118942789
1067,2022-12-25,588.7209783904643
1068,2022-12-26,591.5531236294113
1069,2022-12-27,594.1899068123405
1070,2022-12-28,596.7145443791528
1071,2022-12-29,599.2065554408542
1072,2022-12-30,601.7091088446315
1073,2022-12-31,604.2012415139462
1074,2023-01-01,606.5778324021865
1075,2023-01-02,608.6407101745068
1076,2023-01-03,610.107016913194
1077,2023-01-04,610.643432990024
1078,2023-01-05,609.9315178149828
1079,2023-01-06,607.7555753065267
1080,2023-01-07,604.0845608837018
1081,2023-01-08,599.1105364738612
1082,2023-01-09,593.2233790228704
1083,2023-01-10,586.9365755530707
1084,2023-01-11,580.8030192262402
1085,2023-01-12,575.3545229157387
1086,2023-01-13,571.0744324743022
1087,2023-01-14,568.3910051942962
1088,2023-01-15,567.671758320784
1089,2023-01-16,569.2047962993919
1090,2023-01-17,573.1662681944117
1091,2023-01-18,579.5864679109059
1092,2023-01-19,588.3327804735684
1093,2023-01-20,599.1209952298432
1094,2023-01-21,611.5517709262252
1095,2023-01-22,625.1577121391234
1096,2023-01-23,639.4464658877373
1097,2023-01-24,653.9337019326572
1098,2023-01-25,668.1680749106749
1099,2023-01-26,681.7524657542056
1100,2023-01-27,694.362350457318
1101,2023-01-28,705.7571129043334
1102,2023-01-29,715.7776590589141
1103,2023-01-30,724.3259798095077
1104,2023-01-31,731.3289584750031
1105,2023-02-01,736.6970210091824
1106,2023-02-02,740.2939891533904
1107,2023-02-03,741.9335807430264
1108,2023-02-04,741.4087345055108
1109,2023-02-05,738.5454274126129
1110,2023-02-06,733.2604855586899
1111,2023-02-07,725.6006259030474
1112,2023-02-08,715.7492971854518
1113,2023-02-09,704.0030978202228
1114,2023-02-10,690.732049840277
1115,2023-02-11,676.3422486546946
1116,2023-02-12,661.2548279967577
1117,2023-02-13,645.90431593336
1118,2023-02-14,630.7463296395529
1119,2023-02-15,616.255467784755
1120,2023-02-16,602.8972796721474
1121,2023-02-17,591.0758148087805
1122,2023-02-18,581.07872697752
1123,2023-02-19,573.0462219918569
1124,2023-02-20,566.9738348850736
1125,2023-02-21,562.7386412857743
1126,2023-02-22,560.1313802416108
1127,2023-02-23,558.8839154641075
1128,2023-02-24,558.6920775565486
1129,2023-02-25,559.2395580853839
1130,2023-02-26,560.2271181621024
1131,2023-02-27,561.40549734479
1132,2023-02-28,562.604389465488
1133,2023-03-01,563.7476046384407
1134,2023-03-02,564.8476903146476
1135,2023-03-03,565.9803143591112
1136,2023-03-04,567.2459878926098
1137,2023-03-05,568.7307744061623
1138,2023-03-06,570.476998314535
1139,2023-03-07,572.4703933418612
1140,2023-03-08,574.643878821558
1141,2023-03-09,576.8928778237837
1142,2023-03-10,579.094766188163
1143,2023-03-11,581.1261643291252
1144,2023-03-12,582.8752869933337
1145,2023-03-13,584.2504659059421
1146,2023-03-14,585.188240548397
1147,2023-03-15,585.6637076755234
1148,2023-03-16,585.7020592455845
1149,2023-03-17,585.3853977255545
1150,2023-03-18,584.8468357013412
1151,2023-03-19,584.2476241387958
1152,2023-03-20,583.741201473389
1153,2023-03-21,583.4348345534719
1154,2023-03-22,583.3601886545216
1155,2023-03-23,583.4596002081793
1156,2023-03-24,583.5897418956492
1157,2023-03-25,583.5421151587967
1158,2023-03-26,583.079837832078
1159,2023-03-27,581.9893364323548
1160,2023-03-28,580.1407574553915
1161,2023-03-29,577.5422319750024
1162,2023-03-30,574.3659057389992
1163,2023-03-31,570.926728259009
1164,2023-04-01,567.6125652399471
1165,2023-04-02,564.7876570021499
1166,2023-04-03,562.7038786639251
1167,2023-04-04,561.4468392058765
1168,2023-04-05,560.9246615480769
1169,2023-04-06,560.8914232279328
1170,2023-04-07,560.9922441650376
1171,2023-04-08,560.8198425893379
1172,2023-04-09,559.9762236286888
1173,2023-04-10,558.1337889573429
1174,2023-04-11,555.0876009440021
1175,2023-04-12,550.7878077310141
1176,2023-04-13,545.3420607456579
1177,2023-04-14,538.9840899621414
1178,2023-04-15,532.0147794778345
1179,2023-04-16,524.7311992975692
1180,2023-04-17,517.36212938805
1181,2023-04-18,510.0243806923026
1182,2023-04-19,502.70598559110596
1183,2023-04-20,495.2752193368568
1184,2023-04-21,487.5116227048289
1185,2023-04-22,479.15628413851624
1186,2023-04-23,469.980198515046
1187,2023-04-24,459.8669246620959
1188,2023-04-25,448.8956607827979
1189,2023-04-26,437.39532015250285
1190,2023-04-27,425.93103637777546
1191,2023-04-28,415.19968736964887
1192,2023-04-29,405.8555962423245
1193,2023-04-30,398.3347741603214
1194,2023-05-01,392.75321798244534
1195,2023-05-02,388.9110025781093
1196,2023-05-03,386.3768650520913
1197,2023-05-04,384.60117207677723
1198,2023-05-05,383.0155651018867
1199,2023-05-06,381.102830878674
1200,2023-05-07,378.4393993539148
1201,2023-05-08,374.7191493251136
1202,2023-05-09,369.76500129242316
1203,2023-05-10,363.53028447750864
1204,2023-05-11,356.08924448360557
1205,2023-05-12,347.6165554168771
1206,2023-05-13,338.3581312919851
1207,2023-05-14,328.59764454755526
1208,2023-05-15,318.62340066454635
1209,2023-05-16,308.69876190616725
1210,2023-05-17,299.0376032203605
1211,2023-05-18,289.78565526198264
1212,2023-05-19,281.0092577350153
1213,2023-05-20,272.6941304663536
1214,2023-05-21,264.75702997310555
1215,2023-05-22,257.0717003678553
1216,2023-05-23,249.5070922672755
1217,2023-05-24,241.9709213380778
1218,2023-05-25,234.44688914902363
1219,2023-05-26,227.01220247989565
1220,2023-05-27,219.82635871012766
1221,2023-05-28,213.0925426226985
1222,2023-05-29,207.00452837333123
1223,2023-05-30,201.69759063298233
1224,2023-05-31,197.21831171498468
1225,2023-06-01,193.518764844249
1226,2023-06-02,190.47189003811164
1227,2023-06-03,187.90088593699156
1228,2023-06-04,185.61552264135716
1229,2023-06-05,183.44953419418908
1230,2023-06-06,181.2934676552108
1231,2023-06-07,179.11653453582815
1232,2023-06-08,176.97104115398184
1233,2023-06-09,174.97605894678514
1234,2023-06-10,173.28334730660916
1235,2023-06-11,172.0352864991166
1236,2023-06-12,171.3274903082687
1237,2023-06-13,171.18585783069182
1238,2023-06-14,171.56118540876417
1239,2023-06-15,172.33835495689294
1240,2023-06-16,173.35448529657975
1241,2023-06-17,174.42125396647143
1242,2023-06-18,175.34879517607908
1243,2023-06-19,175.96986623518492
1244,2023-06-20,176.16220985201775
1245,2023-06-21,175.8648881636399
1246,2023-06-22,175.08310894993593
1247,2023-06-23,173.87807445258363
1248,2023-06-24,172.34371648722512
1249,2023-06-25,170.57771930996086
1250,2023-06-26,168.65613230898407
1251,2023-06-27,166.61814073667432
1252,2023-06-28,164.46266419461696
1253,2023-06-29,162.15462777976373
1254,2023-06-30,159.63740051686858
1255,2023-07-01,156.84834585250786
1256,2023-07-02,153.7352327611465
1257,2023-07-03,150.271405821771
1258,2023-07-04,146.4670833568214
1259,2023-07-05,142.3738646004068
1260,2023-07-06,138.0806838959931
1261,2023-07-07,133.70233694117766
1262,2023-07-08,129.3648887037747
1263,2023-07-09,125.19344855306679
1264,2023-07-10,121.30586838082075
1265,2023-07-11,117.81209892260716
1266,2023-07-12,114.81565813227664
1267,2023-07-13,112.41268899368289
1268,2023-07-14,110.68569753923957
1269,2023-07-15,109.69235474523656
1270,2023-07-16,109.4531068683944
1271,2023-07-17,109.94299873380787
1272,2023-07-18,111.09205432898004
1273,2023-07-19,112.7953298672344
1274,2023-07-20,114.93019133605286
1275,2023-07-21,117.3761958225264
1276,2023-07-22,120.03266554538811
1277,2023-07-23,122.830074546991
1278,2023-07-24,125.73302282010336
1279,2023-07-25,128.73450145451505
1280,2023-07-26,131.84312459773489
1281,2023-07-27,135.06660053802594
1282,2023-07-28,138.3954629370691
1283,2023-07-29,141.79084927259345
1284,2023-07-30,145.17922225585258
1285,2023-07-31,148.455842752293
1286,2023-08-01,151.4976554328428
1287,2023-08-02,154.18469163246266
1288,2023-08-03,156.42667733408715
1289,2023-08-04,158.18853473614203
1290,2023-08-05,159.50652496774683
1291,2023-08-06,160.4882608552794
1292,2023-08-07,161.29554556362092
1293,2023-08-08,162.11632245175682
1294,2023-08-09,163.1361867397101
1295,2023-08-10,164.5181798472085
1296,2023-08-11,166.3937067095936
1297,2023-08-12,168.8616044554066
1298,2023-08-13,171.98968885329307
1299,2023-08-14,175.81397644535937
1300,2023-08-15,180.3341492670881
1301,2023-08-16,185.50822133848447
1302,2023-08-17,191.25286533305402
1303,2023-08-18,197.4558719937107
1304,2023-08-19,204.0019450469984
1305,2023-08-20,210.8044299696879
1306,2023-08-21,217.8298005907986
1307,2023-08-22,225.1040848416232
1308,2023-08-23,232.6994717319684
1309,2023-08-24,240.70818445475473
1310,2023-08-25,249.21391938077625
1311,2023-08-26,258.26879736779154
1312,2023-08-27,267.87919993462185
1313,2023-08-28,278.00002742281436
1314,2023-08-29,288.53504403639164
1315,2023-08-30,299.3410566085927
1316,2023-08-31,310.23506995257105
1317,2023-09-01,321.00515840609575
1318,2023-09-02,331.426213212425
1319,2023-09-03,341.2800967642041
1320,2023-09-04,350.37670475661787
1321,2023-09-05,358.5702186148084
1322,2023-09-06,365.7655434811183
1323,2023-09-07,371.9135761656111
1324,2023-09-08,376.9983507127173
1325,2023-09-09,381.0219192691407
1326,2023-09-10,383.9932601680161
1327,2023-09-11,385.9261274157406
1328,2023-09-12,386.8481866696164
1329,2023-09-13,386.8201015296541
1330,2023-09-14,385.9587177250299
1331,2023-09-15,384.45480589529404
1332,2023-09-16,382.5758628769287
1333,2023-09-17,380.6498798415423
1334,2023-09-18,379.03436636963716
1335,2023-09-19,378.0806951906463
1336,2023-09-20,378.10308020201245
1337,2023-09-21,379.3555592425434
1338,2023-09-22,382.0142384460934
1339,2023-09-23,386.16021748286937
1340,2023-09-24,391.7624491465498
1341,2023-09-25,398.66731570844837
1342,2023-09-26,406.6077009314402
1343,2023-09-27,415.2418554807396
1344,2023-09-28,424.2184228436576
1345,2023-09-29,433.24623912449675
1346,2023-09-30,442.14093376008293
1347,2023-10-01,450.83220075320844
1348,2023-10-02,459.33629666088285
1349,2023-10-03,467.7118079015615
1350,2023-10-04,476.0164431419924
1351,2023-10-05,484.27378012988817
1352,2023-10-06,492.44987218129137
1353,2023-10-07,500.4351476907936
1354,2023-10-08,508.02779907450764
1355,2023-10-09,514.9195437525628
1356,2023-10-10,520.6912450376714
1357,2023-10-11,524.8316252147654
1358,2023-10-12,526.793096913513
1359,2023-10-13,526.0900096243535
1360,2023-10-14,522.4251740257447
1361,2023-10-15,515.8079565669012
1362,2023-10-16,506.61762437491046
1363,2023-10-17,495.5816556722405
1364,2023-10-18,483.67423094631516
1365,2023-10-19,471.970951850882
1366,2023-10-20,461.50158306122114
1367,2023-10-21,453.1255950581834
1368,2023-10-22,447.43595155665025
1369,2023-10-23,444.692948376529
1370,2023-10-24,444.80150764326686
1371,2023-10-25,447.35314365501387
1372,2023-10-26,451.73818347713353
1373,2023-10-27,457.29895568211185
1374,2023-10-28,463.4704407641627
1375,2023-10-29,469.86468577447823
1376,2023-10-30,476.2890597802985
1377,2023-10-31,482.7173236795787
1378,2023-11-01,489.2404509770894
1379,2023-11-02,496.0159991238328
1380,2023-11-03,503.2228445497708
1381,2023-11-04,511.0202544942943
1382,2023-11-05,519.508704828566
1383,2023-11-06,528.6934550956242
1384,2023-11-07,538.4578441017995
1385,2023-11-08,548.557343876552
1386,2023-11-09,558.643332976684
1387,2023-11-10,568.316238368986
1388,2023-11-11,577.1955537640382
1389,2023-11-12,584.9868169896279
1390,2023-11-13,591.5276063419018
1391,2023-11-14,596.8040994865169
1392,2023-11-15,600.9404678039164
1393,2023-11-16,604.1699073193664
1394,2023-11-17,606.7968437204228
1395,2023-11-18,609.1565767581719
1396,2023-11-19,611.5745619915057
1397,2023-11-20,614.3258082351938
1398,2023-11-21,617.5974522327185
1399,2023-11-22,621.4634736196307
1400,2023-11-23,625.8841486316762
1401,2023-11-24,630.736573004025
1402,2023-11-25,635.8657332567244
1403,2023-11-26,641.1304978376495
1404,2023-11-27,646.4205136561951
1405,2023-11-28,651.6381920184041
1406,2023-11-29,656.659683001411
1407,2023-11-30,661.2975517474417
1408,2023-12-01,665.2855011886417
1409,2023-12-02,668.2973135372986
1410,2023-12-03,670.0012611814002
1411,2023-12-04,670.138275288131
1412,2023-12-05,668.5999126298927
1413,2023-12-06,665.477122065171
1414,2023-12-07,661.0589008257623
1415,2023-12-08,655.7795411766191
1416,2023-12-09,650.1336401822657
1417,2023-12-10,644.587325850328
1418,2023-12-11,639.5086127998043
1419,2023-12-12,635.1260138591729
1420,2023-12-13,631.512326801493
1421,2023-12-14,628.5855269084764
1422,2023-12-15,626.1205584979324
1423,2023-12-16,623.7708687398086
1424,2023-12-17,621.1030215047144
1425,2023-12-18,617.6493237992448
1426,2023-12-19,612.9810410955889
1427,2023-12-20,606.7981924272226
1428,2023-12-21,599.0218094180099
1429,2023-12-22,589.8638603798801
1430,2023-12-23,579.8448956828887
1431,2023-12-24,569.7370672210064
1432,2023-12-25,560.4327101439077
1433,2023-12-26,552.7677431072786
1434,2023-12-27,547.3485204699396
1435,2023-12-28,544.4286013403897
1436,2023-12-29,543.8610476937338
1437,2023-12-30,545.1268293825951
1438,2023-12-31,547.4237021725519
1439,2024-01-01,549.7948077155534
1440,2024-01-02,551.2758994022702
1441,2024-01-03,551.0383185453651
1442,2024-01-04,548.5019639226592
1443,2024-01-05,543.3945759259426
1444,2024-01-06,535.7456431311599
1445,2024-01-07,525.8225069328571
1446,2024-01-08,514.0332651821388
1447,2024-01-09,500.8270658733853
1448,2024-01-10,486.6160744953387
1449,2024-01-11,471.73066700512544
1450,2024-01-12,456.4075687886462
1451,2024-01-13,440.8037421665081
1452,2024-01-14,425.0267822602247
1453,2024-01-15,409.17320231121334
1454,2024-01-16,393.36694614073633
1455,2024-01-17,377.7905172910065
1456,2024-01-18,362.7006239967729
1457,2024-01-19,348.4210953976396
1458,2024-01-20,335.31032590374633
1459,2024-01-21,323.70904232359226
1460,2024-01-22,313.8832941854763
1461,2024-01-23,305.98119608725625
1462,2024-01-24,300.0164406611618
1463,2024-01-25,295.87973921413015
1464,2024-01-26,293.3685160611187
1465,2024-01-27,292.2212152724496
1466,2024-01-28,292.1458924359925
1467,2024-01-29,292.83973171014225
1468,2024-01-30,294.00256834862535
1469,2024-01-31,295.3505795076869
1470,2024-02-01,296.63474345314853
1471,2024-02-02,297.66309086758116
1472,2024-02-03,298.31954281068755
1473,2024-02-04,298.57017658748873
1474,2024-02-05,298.45238517688415
1475,2024-02-06,298.05028324781887
1476,2024-02-07,297.4648760541492
1477,2024-02-08,296.7871628356375
1478,2024-02-09,296.07860136619206
1479,2024-02-10,295.35986120722174
1480,2024-02-11,294.6073539076591
1481,2024-02-12,293.7571814086376
1482,2024-02-13,292.7164582689414
1483,2024-02-14,291.3813201340255
1484,2024-02-15,289.65917759688534
1485,2024-02-16,287.4907762400827
1486,2024-02-17,284.8667009977889
1487,2024-02-18,281.8339515517871
1488,2024-02-19,278.4908369201356
1489,2024-02-20,274.97153176336326
1490,2024-02-21,271.42397812060244
1491,2024-02-22,267.9857450734169
1492,2024-02-23,264.76198856352556
1493,2024-02-24,261.80829769748374
1494,2024-02-25,259.11978723532565
1495,2024-02-26,256.6271208777985
1496,2024-02-27,254.20054918164533
1497,2024-02-28,251.66380181405674
1498,2024-02-29,248.81902716372718
1499,2024-03-01,245.48037022141324
1500,2024-03-02,241.50815088799615
1501,2024-03-03,236.83224310972955
1502,2024-03-04,231.45652026201137
1503,2024-03-05,225.44526472870672
1504,2024-03-06,218.90085177290936
1505,2024-03-07,211.94412256389623
1506,2024-03-08,204.7046936433995
1507,2024-03-09,197.32202434393568
1508,2024-03-10,189.95282217946325
1509,2024-03-11,182.7774988211911
1510,2024-03-12,175.9981486408745
1511,2024-03-13,169.823397929789
1512,2024-03-14,164.44139277743645
1513,2024-03-15,159.98883952127622
1514,2024-03-16,156.52716706670785
1515,2024-03-17,154.03389781991953
1516,2024-03-18,152.41020139373495
1517,2024-03-19,151.4994537153787
1518,2024-03-20,151.10986121740228
1519,2024-03-21,151.03620395774163
1520,2024-03-22,151.0786627156759
1521,2024-03-23,151.05844707601776
1522,2024-03-24,150.83031805910545
1523,2024-03-25,150.29192616201652
1524,2024-03-26,149.38979504951257
1525,2024-03-27,148.12169986044452
1526,2024-03-28,146.53476989694798
1527,2024-03-29,144.71805615728408
1528,2024-03-30,142.78846957792163
1529,2024-03-31,140.87076921388436
1530,2024-04-01,139.07514783460144
1531,2024-04-02,137.4778942943396
1532,2024-04-03,136.1098298479351
1533,2024-04-04,134.95414279400705
1534,2024-04-05,133.95217415600516
1535,2024-04-06,133.01453685448195
1536,2024-04-07,132.03566773584967
1537,2024-04-08,130.9110697881444
1538,2024-04-09,129.55662420841517
1539,2024-04-10,127.92795479074033
1540,2024-04-11,126.03573636985519
1541,2024-04-12,123.95178863322319
1542,2024-04-13,121.80225593072886
1543,2024-04-14,119.74799564869623
1544,2024-04-15,117.95652240257965
1545,2024-04-16,116.57221576751655
1546,2024-04-17,115.69122142066065
1547,2024-04-18,115.34552439987044
1548,2024-04-19,115.49846340588675
1549,2024-04-20,116.0521307935435
1550,2024-04-21,116.86545899220633
1551,2024-04-22,117.78000084702276
1552,2024-04-23,118.64863945986701
1553,2024-04-24,119.36139481732957
1554,2024-04-25,119.86282320183854
1555,2024-04-26,120.15739475430689
1556,2024-04-27,120.30217357701682
1557,2024-04-28,120.38923178338683
1558,2024-04-29,120.52266750795084
1559,2024-04-30,120.79626791123714
1560,2024-05-01,121.27740455767066
1561,2024-05-02,122.0006554838647
1562,2024-05-03,122.97147452334174
1563,2024-05-04,124.17709556532493
1564,2024-05-05,125.59993515858933
1565,2024-05-06,127.2285921091929
1566,2024-05-07,129.06290884692532
1567,2024-05-08,131.11188108874634
1568,2024-05-09,133.38594908640653
1569,2024-05-10,135.88767911569514
1570,2024-05-11,138.60580395061695
1571,2024-05-12,141.51585174033207
1572,2024-05-13,144.58664901128557
1573,2024-05-14,147.78845303586945
1574,2024-05-15,151.0978653955406
1575,2024-05-16,154.49695746230316
1576,2024-05-17,157.9670992085034
1577,2024-05-18,161.4800974976563
1578,2024-05-19,164.99020916667132
1579,2024-05-20,168.43086497843015
1580,2024-05-21,171.71946566477516
1581,2024-05-22,174.77161782048418
1582,2024-05-23,177.52223572479355
1583,2024-05-24,179.94641156125135
1584,2024-05-25,182.07099474393354
1585,2024-05-26,183.9707581808971
1586,2024-05-27,185.74952970949354
1587,2024-05-28,187.512463777511
1588,2024-05-29,189.33755611723433
1589,2024-05-30,191.25299921464642
1590,2024-05-31,193.22456016804006
1591,2024-06-01,195.15554525214594
1592,2024-06-02,196.90088124667182
1593,2024-06-03,198.29514029116973
1594,2024-06-04,199.19112926677414
1595,2024-06-05,199.50145590652596
1596,2024-06-06,199.23209492834164
1597,2024-06-07,198.49669608212807
1598,2024-06-08,197.5046287030084
1599,2024-06-09,196.5238863808243
1600,2024-06-10,195.8288447186573
1601,2024-06-11,195.64807552911023
1602,2024-06-12,196.12606479148764
1603,2024-06-13,197.305730283275
1604,2024-06-14,199.13049404270842
1605,2024-06-15,201.45994621139187
1606,2024-06-16,204.09355022172946
1607,2024-06-17,206.8005660981988
1608,2024-06-18,209.35749706512257
1609,2024-06-19,211.59301702821975
1610,2024-06-20,213.4333657653165
1611,2024-06-21,214.93296507175182
1612,2024-06-22,216.2743149239418
1613,2024-06-23,217.7329877270006
1614,2024-06-24,219.62052020318774
1615,2024-06-25,222.22614415218703
1616,2024-06-26,225.77204151599142
1617,2024-06-27,230.38418370351113
1618,2024-06-28,236.0730015911349
1619,2024-06-29,242.71928726232937
1620,2024-06-30,250.06775470582053
1621,2024-07-01,257.7376109140925
1622,2024-07-02,265.2604854066691
1623,2024-07-03,272.14782689792395
1624,2024-07-04,277.97488106777894
1625,2024-07-05,282.455823539013
1626,2024-07-06,285.48457784956605
1627,2024-07-07,287.129767264932
1628,2024-07-08,287.5908067113561
1629,2024-07-09,287.1338390772119
1630,2024-07-10,286.0269528799622
1631,2024-07-11,284.48787785903454
1632,2024-07-12,282.65025546031217
1633,2024-07-13,280.5500524944097
1634,2024-07-14,278.13193863510435
1635,2024-07-15,275.27504623628363
1636,2024-07-16,271.8365982576555
1637,2024-07-17,267.7086721076753
1638,2024-07-18,262.8772507159852
1639,2024-07-19,257.4660691843608
1640,2024-07-20,251.74652598994433
1641,2024-07-21,246.1045948820292
1642,2024-07-22,240.9740545959641
1643,2024-07-23,236.76080832347125
1644,2024-07-24,233.78415396879916
1645,2024-07-25,232.2478671738083
1646,2024-07-26,232.23789098505426
1647,2024-07-27,233.73465106902103
1648,2024-07-28,236.62868638477846
1649,2024-07-29,240.73429078410393
1650,2024-07-30,245.80212570949342
1651,2024-07-31,251.53503544274307
1652,2024-08-01,257.610402194541
1653,2024-08-02,263.70812516264357
1654,2024-08-03,269.5384661912996
1655,2024-08-04,274.8621550521005
1656,2024-08-05,279.49811028809984
1657,2024-08-06,283.32015036455965
1658,2024-08-07,286.2490309896824
1659,2024-08-08,288.2469311022636
1660,2024-08-09,289.31822029709383
1661,2024-08-10,289.5156222541087
1662,2024-08-11,288.9475901704979
1663,2024-08-12,287.7820193396835
1664,2024-08-13,286.2426536423901
1665,2024-08-14,284.5963066884023
1666,2024-08-15,283.1306074592527
1667,2024-08-16,282.12380633542824
1668,2024-08-17,281.8108960315511
1669,2024-08-18,282.35338005607224
1670,2024-08-19,283.82127357377846
1671,2024-08-20,286.19312606688885
1672,2024-08-21,289.3734058279422
1673,2024-08-22,293.22013030392594
1674,2024-08-23,297.5732324643676
1675,2024-08-24,302.2768170594303
1676,2024-08-25,307.1936966693203
1677,2024-08-26,312.2149523373704
1678,2024-08-27,317.26863264759044
1679,2024-08-28,322.32982846818516
1680,2024-08-29,327.43043409794063
1681,2024-08-30,332.66330247915414
1682,2024-08-31,338.1749886786868
1683,2024-09-01,344.1449693138342
1684,2024-09-02,350.75492363401617
1685,2024-09-03,358.15532692288036
1686,2024-09-04,366.4361948640873
1687,2024-09-05,375.6059449498277
1688,2024-09-06,385.57997536461244
1689,2024-09-07,396.1799836846787
1690,2024-09-08,407.14525549553946
1691,2024-09-09,418.15635455649624
1692,2024-09-10,428.8689584335218
1693,2024-09-11,438.9518453011837
1694,2024-09-12,448.1204467344787
1695,2024-09-13,456.1580772479064
1696,2024-09-14,462.9213213664139
1697,2024-09-15,468.3320876600301
1698,2024-09-16,472.3632539403715
1699,2024-09-17,475.0252929189669
1700,2024-09-18,476.35793816224447
1701,2024-09-19,476.42626015816705
1702,2024-09-20,475.3174696246747
1703,2024-09-21,473.1349729027926
1704,2024-09-22,469.98908383929506
1705,2024-09-23,465.9872507397568
1706,2024-09-24,461.2285656437845
1707,2024-09-25,455.8066026467329
1708,2024-09-26,449.82136977205766
1709,2024-09-27,443.396330612437
1710,2024-09-28,436.6918578752455
1711,2024-09-29,429.90468871637086
1712,2024-09-30,423.2463050682738
1713,2024-10-01,416.90166329501477
1714,2024-10-02,410.97963137954696
1715,2024-10-03,405.4722650790788
1716,2024-10-04,400.2385390765582
1717,2024-10-05,395.0210884398015
1718,2024-10-06,389.49614508749795
1719,2024-10-07,383.3495671395182
1720,2024-10-08,376.3649338047695
1721,2024-10-09,368.5023501673735
1722,2024-10-10,359.9419826922096
1723,2024-10-11,351.0710792750203
1724,2024-10-12,342.41102606402154
1725,2024-10-13,334.505444183809
1726,2024-10-14,327.8067773780344
1727,2024-10-15,322.5965519389297
1728,2024-10-16,318.95647231969537
1729,2024-10-17,316.78654691230656
1730,2024-10-18,315.85336946681485
1731,2024-10-19,315.8489733285238
1732,2024-10-20,316.4448480198173
1733,2024-10-21,317.3324429149103
1734,2024-10-22,318.24803813839895
1735,2024-10-23,318.9847814881446
1736,2024-10-24,319.39706188106123
1737,2024-10-25,319.4018828457831
1738,2024-10-26,318.97923623657795
1739,2024-10-27,318.1704436101524
1740,2024-10-28,317.0719678691
1741,2024-10-29,315.82308498049974
1742,2024-10-30,314.5881485529606
1743,2024-10-31,313.5362243735297
1744,2024-11-01,312.8214141670688
1745,2024-11-02,312.56630258451827
1746,2024-11-03,312.84963301651544
1747,2024-11-04,313.6985687577087
1748,2024-11-05,315.08610310792915
1749,2024-11-06,316.9348113131891
1750,2024-11-07,319.1279601872492
1751,2024-11-08,321.52697179548534
1752,2024-11-09,323.9908654688718
1753,2024-11-10,326.39100322127535
1754,2024-11-11,328.6157471772196
1755,2024-11-12,330.564363636191
1756,2024-11-13,332.1346850030332
1757,2024-11-14,333.2116757744588
1758,2024-11-15,333.6634953868939
1759,2024-11-16,333.3490571999968
1760,2024-11-17,332.1375824514758
1761,2024-11-18,329.9367232769258
1762,2024-11-19,326.7220548522589
1763,2024-11-20,322.55849020343163
1764,2024-11-21,317.60513689989534
1765,2024-11-22,312.09978023671925
1766,2024-11-23,306.3258157031998
1767,2024-11-24,300.56993998032215
1768,2024-11-25,295.0808640032585
1769,2024-11-26,290.0375598929995
1770,2024-11-27,285.5317228139763
1771,2024-11-28,281.5651875587814
1772,2024-11-29,278.0602619737617
1773,2024-11-30,274.87975924426155
1774,2024-12-01,271.85374308532124
1775,2024-12-02,268.8109387771917
1776,2024-12-03,265.6132353461389
1777,2024-12-04,262.19046314697897
1778,2024-12-05,258.56935212094635
1779,2024-12-06,254.88708342583388
1780,2024-12-07,251.38011130519453
1781,2024-12-08,248.34613671571122
1782,2024-12-09,246.08906508843987
1783,2024-12-10,244.86535639040457
1784,2024-12-11,244.84824101858436
1785,2024-12-12,246.1152841182485
1786,2024-12-13,248.65334549719816
1787,2024-12-14,252.37033053994045
1788,2024-12-15,257.10592505008964
1789,2024-12-16,262.6398489116491
1790,2024-12-17,268.7017201369868
1791,2024-12-18,274.9885847395871
1792,2024-12-19,281.19348177308024
1793,2024-12-20,287.04213354621544
1794,2024-12-21,292.32843521734344
1795,2024-12-22,296.93721363660393
1796,2024-12-23,300.8466969298923
1797,2024-12-24,304.1109172875224
1798,2024-12-25,306.82909243837986
1799,2024-12-26,309.1116678652296
1800,2024-12-27,311.05133253158687
1801,2024-12-28,312.70417185281497
1802,2024-12-29,314.0831433327957
1803,2024-12-30,315.1638478925897
1804,2024-12-31,315.9007115123643
1805,2025-01-01,316.2496625042492
1806,2025-01-02,316.1912905348936
1807,2025-01-03,315.74725363680267
1808,2025-01-04,314.98362901801534
1809,2025-01-05,313.998455613801
1810,2025-01-06,312.89575686066274
1811,2025-01-07,311.7526299102611
1812,2025-01-08,310.5878420844425
1813,2025-01-09,309.3398188214491
1814,2025-01-10,307.8602821690512
1815,2025-01-11,305.92818316727
1816,2025-01-12,303.28650591236726
1817,2025-01-13,299.7001351198939
1818,2025-01-14,295.0248522091939
1819,2025-01-15,289.26763568928885
1820,2025-01-16,282.61360816217604
1821,2025-01-17,275.40297076046255
1822,2025-01-18,268.06213341373996
1823,2025-01-19,261.015001818356
1824,2025-01-20,254.60778306123535
1825,2025-01-21,249.0696253682339
1826,2025-01-22,244.511907837908
1827,2025-01-23,240.9540743837473
1828,2025-01-24,238.35900927786156
1829,2025-01-25,236.66360555898783
1830,2025-01-26,235.7957495419302
1831,2025-01-27,235.67477146149133
1832,2025-01-28,236.1979306470519
1833,2025-01-29,237.22037764758812
1834,2025-01-30,238.53891357748532
1835,2025-01-31,239.88907658254826
1836,2025-02-01,240.96046548509372
1837,2025-02-02,241.4288403190303
1838,2025-02-03,240.99827590993695
1839,2025-02-04,239.44407635969696
1840,2025-02-05,236.64716581634946
1841,2025-02-06,232.6125487846313
1842,2025-02-07,227.46779371383766
1843,2025-02-08,221.44198929022787
1844,2025-02-09,214.8302471011256
1845,2025-02-10,207.95197066114244
1846,2025-02-11,201.11153925162088
1847,2025-02-12,194.567819796449
1848,2025-02-13,188.51534116621966
1849,2025-02-14,183.07669610866384
1850,2025-02-15,178.30376424741615
1851,2025-02-16,174.1846857955638
1852,2025-02-17,170.65364214269079
1853,2025-02-18,167.60103649368475
1854,2025-02-19,164.8826259992903
1855,2025-02-20,162.32765685804685
1856,2025-02-21,159.7479341117272
1857,2025-02-22,156.95140659859706
1858,2025-02-23,153.76416445296766
1859,2025-02-24,150.06224409008226
1860,2025-02-25,145.8083343179112
1861,2025-02-26,141.08011684398298
1862,2025-02-27,136.07273002222286
1863,2025-02-28,131.06502045473198
1864,2025-03-01,126.3572652891547
1865,2025-03-02,122.20425371794963
1866,2025-03-03,118.76832314605491
1867,2025-03-04,116.10268449504373
1868,2025-03-05,114.15947928858922
1869,2025-03-06,112.81041273862924
1870,2025-03-07,111.87062401243737
1871,2025-03-08,111.12253494144468
1872,2025-03-09,110.34051499698934
1873,2025-03-10,109.31757109570641
1874,2025-03-11,107.89282242667007
1875,2025-03-12,105.9753504175458
1876,2025-03-13,103.55825624726798
1877,2025-03-14,100.71767857864502
1878,2025-03-15,97.59504648946351
1879,2025-03-16,94.36570557286421
1880,2025-03-17,91.20136559816343
1881,2025-03-18,88.23571984518998
1882,2025-03-19,85.54109938485963
1883,2025-03-20,83.11986515617771
1884,2025-03-21,80.90974179223402
1885,2025-03-22,78.79995482428181
1886,2025-03-23,76.65561447313142
1887,2025-03-24,74.3494920724093
1888,2025-03-25,71.79958890172844
1889,2025-03-26,69.00504076314854
1890,2025-03-27,66.06468352025013
1891,2025-03-28,63.16222591395569
1892,2025-03-29,60.51792321421672
1893,2025-03-30,58.3296839360563
1894,2025-03-31,56.733706927664116
1895,2025-04-01,55.79819199662307
1896,2025-04-02,55.54131742294237
1897,2025-04-03,55.955358227304906
1898,2025-04-04,57.02301774001142
1899,2025-04-05,58.7201995764034
1900,2025-04-06,61.005551677137994
1901,2025-04-07,63.801147382749114
1902,2025-04-08,66.97234548935128
1903,2025-04-09,70.31787895234098
1904,2025-04-10,73.58048497729197
1905,2025-04-11,76.48102891866397
1906,2025-04-12,78.76718334994479
1907,2025-04-13,80.25905542392736
1908,2025-04-14,80.8754462216499
1909,2025-04-15,80.63436960896541
1910,2025-04-16,79.6324474635181
1911,2025-04-17,78.01363702375276
1912,2025-04-18,75.93766290553718
1913,2025-04-19,73.55513895521081
1914,2025-04-20,70.99238575132605
1915,2025-04-21,68.34584637524938
1916,2025-04-22,65.68415116445944
1917,2025-04-23,63.055035334022975
1918,2025-04-24,60.49403921482265
1919,2025-04-25,58.03199917622467
1920,2025-04-26,55.698955139643694
1921,2025-04-27,53.52356329492231
1922,2025-04-28,51.52915531791338
1923,2025-04-29,49.72914487092627
1924,2025-04-30,48.12446693133501
1925,2025-05-01,46.70423040715239
1926,2025-05-02,45.44898623110079
1927,2025-05-03,44.335081724639984
1928,2025-05-04,43.33864915097952
1929,2025-05-05,42.43834778781913
1930,2025-05-06,41.616561683557705
1931,2025-05-07,40.85920362851871
1932,2025-05-08,40.154619352056514
1933,2025-05-09,39.49228456364102
1934,2025-05-10,38.861921791264024
1935,2025-05-11,38.25333154003659
1936,2025-05-12,37.65683627297558
1937,2025-05-13,37.06401055982576
1938,2025-05-14,36.468377176064955
1939,2025-05-15,35.865881011235636
1940,2025-05-16,35.25508331902538
1941,2025-05-17,34.63709289061121
