Entity,Day,"COVID-19 doses (cumulative, per hundred)","People vaccinated (cumulative, per hundred)","People fully vaccinated (cumulative, per hundred)","Booster doses (cumulative, per hundred)"
Canada,2020-12-14,1.2879557e-05,1.2879557e-05,0.0,0.0
Canada,2020-12-15,0.0018701118,0.0018701118,0.0,0.0
Canada,2020-12-16,0.007797284,0.007797284,0.0,0.0
Canada,2020-12-17,0.018757788,0.018757788,0.0,0.0
Canada,2020-12-18,0.029100074,0.029100074,0.0,0.0
Canada,2020-12-19,0.03187433,0.03187433,0.0,0.0
Canada,2020-12-20,0.034094766,0.034094766,0.0,0.0
Canada,2020-12-21,0.054313093,0.054313093,0.0,0.0
Canada,2020-12-22,0.06923278,0.0692302,2.5759116e-06,0.0
Canada,2020-12-23,0.09162518,0.0916226,2.5759116e-06,0.0
Canada,2020-12-24,0.1179072,0.117904626,2.5759116e-06,0.0
Canada,2020-12-25,0.12577146,0.12576889,2.5759116e-06,0.0
Canada,2020-12-26,0.1258101,0.12580752,2.5759116e-06,0.0
Canada,2020-12-27,0.13511428,0.1351117,2.5759116e-06,0.0
Canada,2020-12-28,0.15218228,0.1521797,2.5759116e-06,0.0
Canada,2020-12-29,0.1857026,0.18569747,5.151823e-06,0.0
Canada,2020-12-30,0.20772408,0.20771892,5.151823e-06,0.0
Canada,2020-12-31,0.24772541,0.24772026,5.151823e-06,0.0
Canada,2021-01-01,0.2716582,0.2716505,7.727735e-06,0.0
Canada,2021-01-02,0.2836542,0.2836465,7.727735e-06,0.0
Canada,2021-01-03,0.29710305,0.29709533,7.727735e-06,0.0
Canada,2021-01-04,0.35796413,0.35795638,7.727735e-06,0.0
Canada,2021-01-05,0.40401885,0.40400338,1.545547e-05,0.0
Canada,2021-01-06,0.47643286,0.47527885,0.0011540083,0.0
Canada,2021-01-07,0.5721744,0.5685037,0.003670674,0.0
Canada,2021-01-08,0.6800844,0.6731346,0.0069498094,0.0
Canada,2021-01-09,0.77341485,0.76326317,0.0101516675,0.0
Canada,2021-01-10,0.8340312,0.8238255,0.0102057615,0.0
Canada,2021-01-11,0.9329076,0.92267346,0.010234096,0.0
Canada,2021-01-12,1.0133636,0.9991188,0.014244791,0.0
Canada,2021-01-13,1.0914421,1.0571773,0.034264777,0.0
Canada,2021-01-14,1.2013794,1.159204,0.0421754,0.0
Canada,2021-01-15,1.3288819,1.2788293,0.05005254,0.0
Canada,2021-01-16,1.4265888,1.3734734,0.053115297,0.0
Canada,2021-01-17,1.5002521,1.4438732,0.056378976,0.0
Canada,2021-01-18,1.6066346,1.5483599,0.058274847,0.0
Canada,2021-01-19,1.7081591,1.6440704,0.06408868,0.0
Canada,2021-01-20,1.8198841,1.7218887,0.0979954,0.0
Canada,2021-01-21,1.9309136,1.8179573,0.11295629,0.0
Canada,2021-01-22,2.0290327,1.8997219,0.12931076,0.0
Canada,2021-01-23,2.0998702,1.9592434,0.14062674,0.0
Canada,2021-01-24,2.137677,1.9901981,0.14747867,0.0
Canada,2021-01-25,2.198136,2.0294318,0.16870417,0.0
Canada,2021-01-26,2.2745943,2.084693,0.18990135,0.0
Canada,2021-01-27,2.334211,2.1196816,0.21452963,0.0
Canada,2021-01-28,2.3987353,2.158578,0.24015738,0.0
Canada,2021-01-29,2.454921,2.1904082,0.26451263,0.0
Canada,2021-01-30,2.4940104,2.2075562,0.28645423,0.0
Canada,2021-01-31,2.5073664,2.214318,0.2930486,0.0
Canada,2021-02-01,2.5545855,2.2496982,0.30488747,0.0
Canada,2021-02-02,2.5845923,2.2669747,0.31761762,0.0
Canada,2021-02-03,2.619854,2.2781208,0.3417333,0.0
Canada,2021-02-04,2.6703959,2.296286,0.37410992,0.0
Canada,2021-02-05,2.7312956,2.3228462,0.4084494,0.0
Canada,2021-02-06,2.787041,2.343111,0.44393003,0.0
Canada,2021-02-07,2.8227947,2.3587673,0.4640273,0.0
Canada,2021-02-08,2.878012,2.385755,0.4922567,0.0
Canada,2021-02-09,2.9471648,2.4101336,0.5370312,0.0
Canada,2021-02-10,3.0243545,2.4351585,0.58919597,0.0
Canada,2021-02-11,3.1113818,2.4678366,0.6435374,7.727735e-06
Canada,2021-02-12,3.208089,2.5041053,0.70397085,1.2879557e-05
Canada,2021-02-13,3.2959483,2.536866,0.7590696,1.2879557e-05
Canada,2021-02-14,3.3378558,2.5429785,0.7948645,1.2879557e-05
Canada,2021-02-15,3.3653383,2.5474348,0.8178905,1.2879557e-05
Canada,2021-02-16,3.432317,2.569526,0.8627758,1.545547e-05
Canada,2021-02-17,3.487707,2.582341,0.90535045,1.545547e-05
Canada,2021-02-18,3.558784,2.6024768,0.9562917,1.545547e-05
Canada,2021-02-19,3.689022,2.668987,1.0200146,2.0607293e-05
Canada,2021-02-20,3.8226657,2.7567713,1.0658633,3.091094e-05
Canada,2021-02-21,3.929177,2.8309731,1.0981703,3.348685e-05
Canada,2021-02-22,4.089535,2.9083304,1.1811688,3.606276e-05
Canada,2021-02-23,4.217604,2.987689,1.2298766,3.8638675e-05
Canada,2021-02-24,4.337691,3.0697138,1.2679384,3.8638675e-05
Canada,2021-02-25,4.4894996,3.177392,1.3120688,3.8638675e-05
Canada,2021-02-26,4.6658955,3.3205895,1.3452672,3.8638675e-05
Canada,2021-02-27,4.8266425,3.4604204,1.3661836,3.8638675e-05
Canada,2021-02-28,4.9451656,3.5641832,1.380941,4.1214586e-05
Canada,2021-03-01,5.0992665,3.6836462,1.4155793,4.1214586e-05
Canada,2021-03-02,5.294096,3.8508976,1.443157,4.1214586e-05
Canada,2021-03-03,5.488111,4.026572,1.4614975,4.1214586e-05
Canada,2021-03-04,5.6937046,4.218573,1.4750906,4.1214586e-05
Canada,2021-03-05,5.9171004,4.4327393,1.48432,4.1214586e-05
Canada,2021-03-06,6.107548,4.616806,1.4907006,4.1214586e-05
Canada,2021-03-07,6.2551427,4.7601323,1.4949689,4.1214586e-05
Canada,2021-03-08,6.4785233,4.9576173,1.5208645,4.1214586e-05
Canada,2021-03-09,6.6613355,5.1298065,1.5314825,4.6366407e-05
Canada,2021-03-10,6.86636,5.320821,1.5454928,4.6366407e-05
Canada,2021-03-11,7.121347,5.5626373,1.5586609,4.894232e-05
Canada,2021-03-12,7.411227,5.84344,1.5677384,4.894232e-05
Canada,2021-03-13,7.6855593,6.109944,1.575564,5.151823e-05
Canada,2021-03-14,7.925402,6.344694,1.5806566,5.151823e-05
Canada,2021-03-15,8.247046,6.6524334,1.5945613,5.151823e-05
Canada,2021-03-16,8.561452,6.955126,1.6062689,5.6670055e-05
Canada,2021-03-17,8.926039,7.305509,1.6204699,5.9245966e-05
Canada,2021-03-18,9.332398,7.6971407,1.635199,5.9245966e-05
Canada,2021-03-19,9.7589,8.106713,1.6521279,5.9245966e-05
Canada,2021-03-20,10.104194,8.438658,1.6654736,6.182188e-05
Canada,2021-03-21,10.337733,8.6639185,1.6737527,6.182188e-05
Canada,2021-03-22,10.714947,9.032243,1.6826421,6.182188e-05
Canada,2021-03-23,11.042039,9.34729,1.6946819,6.69737e-05
Canada,2021-03-24,11.4877825,9.779806,1.7079092,6.69737e-05
Canada,2021-03-25,11.98171,10.255721,1.7259226,6.69737e-05
Canada,2021-03-26,12.546446,10.798116,1.7482635,6.69737e-05
Canada,2021-03-27,12.985693,11.220509,1.765115,6.954961e-05
Canada,2021-03-28,13.368502,11.59249,1.7759416,6.954961e-05
Canada,2021-03-29,13.8549185,12.063514,1.7913352,6.954961e-05
Canada,2021-03-30,14.306301,12.493189,1.8130424,6.954961e-05
Canada,2021-03-31,14.885963,13.050733,1.8351618,6.954961e-05
Canada,2021-04-01,15.426794,13.563624,1.8630975,7.212552e-05
Canada,2021-04-02,15.869158,13.989438,1.8796401,7.985326e-05
Canada,2021-04-03,16.371635,14.482592,1.8889598,8.500508e-05
Canada,2021-04-04,16.68473,14.791886,1.8927566,8.758099e-05
Canada,2021-04-05,17.154137,15.228376,1.9256716,8.758099e-05
Canada,2021-04-06,17.677273,15.7204485,1.9567319,9.2732815e-05
Canada,2021-04-07,18.284767,16.281956,2.0027196,9.2732815e-05
Canada,2021-04-08,18.954737,16.904657,2.0499878,9.2732815e-05
Canada,2021-04-09,19.739557,17.63947,2.0999887,0.00010046055
Canada,2021-04-10,20.367779,18.22459,2.1430888,0.00010046055
Canada,2021-04-11,20.840633,18.684507,2.1560225,0.00010303646
Canada,2021-04-12,21.70975,19.50414,2.205498,0.000110764195
Canada,2021-04-13,22.413378,20.169079,2.2441857,0.00011334011
Canada,2021-04-14,23.184984,20.904613,2.2802536,0.00011591602
Canada,2021-04-15,23.98307,21.659262,2.3236885,0.000121067846
Canada,2021-04-16,24.815046,22.47132,2.3436003,0.00012621966
Canada,2021-04-17,25.473047,23.067223,2.4056928,0.00013137149
Canada,2021-04-18,25.991184,23.570852,2.420195,0.00013652332
Canada,2021-04-19,26.66876,24.195906,2.4727128,0.00014167513
Canada,2021-04-20,27.285948,24.7823,2.5035,0.00014682696
Canada,2021-04-21,28.10843,25.569565,2.53871,0.0001571306
Canada,2021-04-22,29.052282,26.466938,2.5851848,0.00015970651
Canada,2021-04-23,29.992365,27.357634,2.6345522,0.0001803138
Canada,2021-04-24,30.738245,28.062483,2.6755736,0.00018804154
Canada,2021-04-25,31.3382,28.637127,2.7008793,0.00019319337
Canada,2021-04-26,32.017536,29.293005,2.7243278,0.0002009211
Canada,2021-04-27,32.694042,29.91581,2.7780175,0.00021380065
Canada,2021-04-28,33.37941,30.558546,2.820636,0.00022925613
Canada,2021-04-29,34.16996,31.29473,2.874998,0.00023183203
Canada,2021-04-30,34.898384,31.976513,2.9216323,0.00023955977
Canada,2021-05-01,35.503284,32.53195,2.9710693,0.00026274298
Canada,2021-05-02,35.95054,32.94943,3.000834,0.00027562253
Canada,2021-05-03,36.53617,33.512432,3.0234606,0.00028077434
Canada,2021-05-04,37.142048,34.06685,3.0748992,0.00030138166
Canada,2021-05-05,37.88169,34.758663,3.122708,0.00031683713
Canada,2021-05-06,38.809616,35.62714,3.1821473,0.00032971668
Canada,2021-05-07,39.8412,36.591854,3.2489972,0.00035032397
Canada,2021-05-08,40.69178,37.389053,3.30237,0.0003554758
Canada,2021-05-09,41.395447,38.070827,3.324255,0.00036577944
Canada,2021-05-10,42.263252,38.891674,3.3712113,0.00036835534
Canada,2021-05-11,43.04699,39.624107,3.422503,0.00038123492
Canada,2021-05-12,43.951183,40.465725,3.4850743,0.00038638673
Canada,2021-05-13,44.975533,41.415066,3.5600643,0.0004018422
Canada,2021-05-14,46.09699,42.44524,3.6513417,0.00040956994
Canada,2021-05-15,47.043156,43.326065,3.7166564,0.00043275315
Canada,2021-05-16,47.865993,44.108376,3.757186,0.00043532904
Canada,2021-05-17,48.876945,45.08143,3.7950776,0.00043790496
Canada,2021-05-18,49.616707,45.748417,3.867834,0.00045593633
Canada,2021-05-19,50.54446,46.581657,3.9623418,0.00046366407
Canada,2021-05-20,51.5787,47.501076,4.0771375,0.00048942317
Canada,2021-05-21,52.830254,48.61262,4.2171073,0.00052291004
Canada,2021-05-22,53.841347,49.49371,4.347098,0.00054094143
Canada,2021-05-23,54.642204,50.232613,4.4090486,0.00054351735
Canada,2021-05-24,55.563953,51.10293,4.4604664,0.0005589728
Canada,2021-05-25,56.223145,51.702595,4.5199857,0.0005641246
Canada,2021-05-26,57.05791,52.399227,4.658093,0.00059245963
Canada,2021-05-27,58.073746,53.25191,4.8212204,0.00061306695
Canada,2021-05-28,59.25828,54.251,5.006634,0.0006491297
Canada,2021-05-29,60.15603,54.96844,5.1869044,0.0006800406
Canada,2021-05-30,60.97882,55.620686,5.3574376,0.000698072
Canada,2021-05-31,61.984966,56.457867,5.5263915,0.00070837565
Canada,2021-06-01,62.79826,57.05555,5.7419643,0.00074443844
Canada,2021-06-02,63.693394,57.689068,6.003486,0.00083974714
Canada,2021-06-03,64.76347,58.397774,6.3647966,0.0008989931
Canada,2021-06-04,65.95238,59.147804,6.803598,0.0009788463
Canada,2021-06-05,66.931564,59.752506,7.178061,0.0009994537
Canada,2021-06-06,67.76706,60.26168,7.504344,0.0010380923
Canada,2021-06-07,68.82052,60.91748,7.9019794,0.0010535478
Canada,2021-06-08,69.731094,61.33781,8.392176,0.001105066
Canada,2021-06-09,70.774734,61.76419,9.009393,0.0011514324
Canada,2021-06-10,72.00706,62.222134,9.783706,0.0012184061
Canada,2021-06-11,73.30372,62.67061,10.631833,0.001280228
Canada,2021-06-12,74.38629,63.000267,11.384656,0.001367809
Canada,2021-06-13,75.36257,63.30192,12.059204,0.0014450863
Canada,2021-06-14,76.51627,63.63879,12.875952,0.0015326673
Canada,2021-06-15,77.67334,63.942467,13.729274,0.001602217
Canada,2021-06-16,78.872604,64.19514,14.675779,0.0016923739
Canada,2021-06-17,80.18139,64.464005,15.715585,0.0017979862
Canada,2021-06-18,81.56292,64.71674,16.84426,0.0019139022
Canada,2021-06-19,82.6513,64.89123,17.757978,0.0020916401
Canada,2021-06-20,83.555244,65.046715,18.506393,0.0021354307
Canada,2021-06-21,84.602684,65.25361,19.346897,0.0021740694
Canada,2021-06-22,85.82108,65.41681,20.401987,0.0022822577
Canada,2021-06-23,87.15358,65.5697,21.581467,0.0024110533
Canada,2021-06-24,88.681435,65.74707,22.931746,0.002617126
Canada,2021-06-25,90.027115,65.89343,24.130981,0.0027047072
Canada,2021-06-26,91.17323,66.008354,25.162052,0.0028283508
Canada,2021-06-27,92.100174,66.115685,25.98153,0.0029597224
Canada,2021-06-28,93.91643,66.3302,27.583214,0.0030138164
Canada,2021-06-29,95.43184,66.478325,28.950329,0.0031812508
Canada,2021-06-30,96.99615,66.6237,30.369072,0.003374444
Canada,2021-07-01,98.18884,66.72966,31.455496,0.0036835535
Canada,2021-07-02,99.65137,66.874886,32.77261,0.0038767469
Canada,2021-07-03,100.58334,66.95398,33.625328,0.0040364536
Canada,2021-07-04,101.411255,67.03217,34.374928,0.004152369
Canada,2021-07-05,102.9615,67.176865,35.77905,0.005584576
Canada,2021-07-06,104.20551,67.28567,36.91288,0.006960113
Canada,2021-07-07,105.50346,67.39696,38.09928,0.0072280075
Canada,2021-07-08,107.10629,67.55169,39.547127,0.007477871
Canada,2021-07-09,108.51453,67.68305,40.823788,0.00768652
Canada,2021-07-10,109.4581,67.77106,41.679142,0.007895169
Canada,2021-07-11,110.1951,67.841965,42.345104,0.008029116
Canada,2021-07-12,111.4959,67.980515,43.507275,0.008119273
Canada,2021-07-13,112.56734,68.07974,44.479324,0.0082661
Canada,2021-07-14,113.66705,68.19306,45.465538,0.008451566
Canada,2021-07-15,114.79781,68.310616,46.478558,0.008639608
Canada,2021-07-16,115.91198,68.42936,47.473816,0.008807042
Canada,2021-07-17,116.69076,68.51413,48.16766,0.008966748
Canada,2021-07-18,117.27217,68.57582,48.687218,0.009129031
Canada,2021-07-19,118.37065,68.68672,49.674747,0.009177973
Canada,2021-07-20,119.23503,68.780464,50.445225,0.0093376795
Canada,2021-07-21,120.229004,68.88325,51.336254,0.009502538
Canada,2021-07-22,121.212654,68.99238,52.21052,0.009754977
Canada,2021-07-23,122.12854,69.09803,53.02051,0.009994537
Canada,2021-07-24,122.771194,69.177505,53.583454,0.010236672
Canada,2021-07-25,123.27923,69.23758,54.03106,0.010592149
Canada,2021-07-26,124.28731,69.34503,54.93091,0.011370073
Canada,2021-07-27,125.00727,69.43956,55.555225,0.012482868
Canada,2021-07-28,125.71772,69.54068,56.163506,0.013533839
Canada,2021-07-29,126.414764,69.64273,56.757618,0.014414801
Canada,2021-07-30,127.07947,69.74259,57.32164,0.0152390925
Canada,2021-07-31,127.548035,69.81,57.72178,0.016254002
Canada,2021-08-01,127.922745,69.86335,58.04249,0.016908282
Canada,2021-08-02,128.1655,69.89549,58.252487,0.017518774
Canada,2021-08-03,128.88388,69.99623,58.86926,0.01839716
Canada,2021-08-04,129.31512,70.07075,59.22507,0.01930388
Canada,2021-08-05,129.80379,70.15954,59.623947,0.020305911
Canada,2021-08-06,130.25636,70.24289,59.99191,0.021562956
Canada,2021-08-07,130.58589,70.30247,60.260338,0.023087895
Canada,2021-08-08,130.84427,70.3458,60.474514,0.02394825
Canada,2021-08-09,131.32237,70.43068,60.86711,0.024579348
Canada,2021-08-10,131.67484,70.498924,61.150124,0.025790026
Canada,2021-08-11,132.02849,70.570435,61.431107,0.026944034
Canada,2021-08-12,132.42174,70.65394,61.73973,0.02807486
Canada,2021-08-13,132.80179,70.74039,62.031887,0.02951737
Canada,2021-08-14,133.10178,70.80115,62.269672,0.030952154
Canada,2021-08-15,133.35417,70.849396,62.472874,0.031907815
Canada,2021-08-16,133.77806,70.93439,62.811142,0.032526035
Canada,2021-08-17,134.13113,71.00866,63.088863,0.03360792
Canada,2021-08-18,134.4527,71.086334,63.331516,0.034844354
Canada,2021-08-19,134.80658,71.18196,63.58835,0.036268834
Canada,2021-08-20,135.13666,71.27667,63.822594,0.03739193
Canada,2021-08-21,135.39774,71.34297,64.01596,0.03879838
Canada,2021-08-22,135.5985,71.390625,64.16829,0.03957888
Canada,2021-08-23,135.91039,71.46785,64.40231,0.040225435
Canada,2021-08-24,136.21027,71.54939,64.6195,0.04136914
Canada,2021-08-25,136.48134,71.639824,64.798965,0.04254118
Canada,2021-08-26,136.79803,71.743546,65.01062,0.04387035
Canada,2021-08-27,137.09569,71.84596,65.204506,0.04521755
Canada,2021-08-28,137.30412,71.91076,65.34658,0.0467734
Canada,2021-08-29,137.47893,71.961044,65.46981,0.04807166
Canada,2021-08-30,137.7972,72.072235,65.67606,0.048901103
Canada,2021-08-31,138.00838,72.14786,65.81048,0.050047386
Canada,2021-09-01,138.26085,72.23736,65.97146,0.052033413
Canada,2021-09-02,138.504,72.33648,66.11263,0.054884948
Canada,2021-09-03,138.7859,72.45619,66.27049,0.05921763
Canada,2021-09-04,138.99792,72.54244,66.39176,0.06372548
Canada,2021-09-05,139.15825,72.60302,66.488335,0.0668887
Canada,2021-09-06,139.25269,72.64071,66.54303,0.068944275
Canada,2021-09-07,139.5171,72.74894,66.69757,0.07059543
Canada,2021-09-08,139.73543,72.84155,66.81908,0.074794166
Canada,2021-09-09,139.98784,72.95012,66.95811,0.07961627
Canada,2021-09-10,140.24141,73.05825,67.09859,0.0845749
Canada,2021-09-11,140.42981,73.13014,67.21031,0.08934807
Canada,2021-09-12,140.57735,73.18232,67.301994,0.093029045
Canada,2021-09-13,140.83377,73.29405,67.44441,0.09531388
Canada,2021-09-14,141.02269,73.37805,67.54619,0.09845392
Canada,2021-09-15,141.23814,73.47242,67.663925,0.101800025
Canada,2021-09-16,141.4862,73.57646,67.80295,0.106794715
Canada,2021-09-17,141.89633,73.71899,67.95459,0.22276226
Canada,2021-09-18,142.07367,73.7856,68.06019,0.2278806
Canada,2021-09-19,142.21774,73.83742,68.1492,0.23112881
Canada,2021-09-20,142.57784,74.01037,68.32014,0.24733645
Canada,2021-09-21,142.83324,74.12381,68.45142,0.25800073
Canada,2021-09-22,143.09198,74.24024,68.5837,0.26804164
Canada,2021-09-23,143.39009,74.36727,68.740585,0.2822349
Canada,2021-09-24,143.81813,74.49747,68.90888,0.4117878
Canada,2021-09-25,144.01065,74.56565,69.02812,0.41687265
Canada,2021-09-26,144.18762,74.62932,69.138336,0.41996375
Canada,2021-09-27,144.50038,74.7587,69.29613,0.4455683
Canada,2021-09-28,144.70221,74.84115,69.402245,0.45881364
Canada,2021-09-29,144.95589,74.949615,69.53319,0.47307646
Canada,2021-09-30,145.21262,75.04564,69.67829,0.48869422
Canada,2021-10-01,145.45619,75.12359,69.81494,0.51767063
Canada,2021-10-02,145.61237,75.17588,69.9137,0.522789
Canada,2021-10-03,145.74069,75.22083,69.99434,0.52551687
Canada,2021-10-04,146.0105,75.32048,70.14586,0.54415613
Canada,2021-10-05,146.21289,75.4004,70.257095,0.5554026
Canada,2021-10-06,146.53084,75.48389,70.37697,0.66998947
Canada,2021-10-07,146.75386,75.56459,70.492744,0.6965239
Canada,2021-10-08,147.00797,75.65114,70.62125,0.73557216
Canada,2021-10-09,147.17319,75.71015,70.71877,0.74425554
Canada,2021-10-10,147.30695,75.75582,70.801094,0.75002813
Canada,2021-10-11,147.37544,75.78303,70.84083,0.75159174
Canada,2021-10-12,147.6635,75.894905,70.96908,0.79952174
Canada,2021-10-13,147.897,75.93447,71.09174,0.87077916
Canada,2021-10-14,148.15553,76.01586,71.22339,0.91629034
Canada,2021-10-15,148.41702,76.10224,71.35269,0.9620823
Canada,2021-10-16,148.55595,76.1463,71.43618,0.97347045
Canada,2021-10-17,148.67535,76.18611,71.51005,0.9791941
Canada,2021-10-18,148.95929,76.25412,71.65961,1.0455625
Canada,2021-10-19,149.15343,76.303604,71.75353,1.0962847
Canada,2021-10-20,149.36583,76.36164,71.869095,1.1350883
Canada,2021-10-21,149.5919,76.42991,71.980736,1.181264
Canada,2021-10-22,149.83223,76.495186,72.10595,1.2310977
Canada,2021-10-23,149.95708,76.53297,72.17936,1.24475
Canada,2021-10-24,150.05815,76.56535,72.24324,1.2495567
Canada,2021-10-25,150.32178,76.61908,72.396645,1.3060541
Canada,2021-10-26,150.53532,76.667885,72.501724,1.3657199
Canada,2021-10-27,150.72812,76.71419,72.60485,1.409088
Canada,2021-10-28,150.94044,76.77353,72.70899,1.4579196
Canada,2021-10-29,151.13803,76.8375,72.811226,1.4892993
Canada,2021-10-30,151.25003,76.86752,72.876,1.5065064
Canada,2021-10-31,151.33969,76.893776,72.93421,1.5117097
Canada,2021-11-01,151.5632,76.92653,73.0493,1.5873643
Canada,2021-11-02,151.70651,76.94574,73.10246,1.6583203
Canada,2021-11-03,151.90167,76.989845,73.190575,1.7212498
Canada,2021-11-04,152.10362,77.03851,73.28152,1.7836024
Canada,2021-11-05,152.28603,77.07835,73.36476,1.8429102
Canada,2021-11-06,152.366,77.09732,73.40127,1.8674122
Canada,2021-11-07,152.43906,77.11905,73.44663,1.8733677
Canada,2021-11-08,152.6761,77.16638,73.55973,1.9499831
Canada,2021-11-09,152.85939,77.18927,73.62016,2.0499542
Canada,2021-11-10,153.08418,77.25072,73.7104,2.1230638
Canada,2021-11-11,153.18935,77.2776,73.76072,2.151028
Canada,2021-11-12,153.42165,77.323784,73.857086,2.2407675
Canada,2021-11-13,153.51306,77.34752,73.90258,2.2629614
Canada,2021-11-14,153.58443,77.36832,73.9471,2.2690148
Canada,2021-11-15,153.81796,77.408936,74.03659,2.372435
Canada,2021-11-16,153.9825,77.43817,74.10043,2.443896
Canada,2021-11-17,154.17784,77.4859,74.18522,2.5067148
Canada,2021-11-18,154.37006,77.53008,74.26353,2.5764499
Canada,2021-11-19,154.53796,77.56294,74.32937,2.6456492
Canada,2021-11-20,154.619,77.58614,74.37128,2.661589
Canada,2021-11-21,154.67628,77.60493,74.40497,2.666393
Canada,2021-11-22,154.91139,77.64356,74.49042,2.7774122
Canada,2021-11-23,155.00374,77.6647,74.52916,2.8098764
Canada,2021-11-24,155.13837,77.66554,74.560936,2.9118774
Canada,2021-11-25,155.31859,77.70969,74.62266,2.9862413
Canada,2021-11-26,155.54208,77.7949,74.68758,3.0596085
Canada,2021-11-27,155.71577,77.9201,74.71966,3.0760248
Canada,2021-11-28,155.90784,78.07744,74.74665,3.083755
Canada,2021-11-29,156.25745,78.25493,74.80513,3.1973863
Canada,2021-11-30,156.54575,78.4332,74.8411,3.2714462
Canada,2021-12-01,156.84799,78.57053,74.89825,3.3792045
Canada,2021-12-02,157.17316,78.74822,74.94532,3.4796185
Canada,2021-12-03,159.4393,78.928894,74.9886,5.5217986
Canada,2021-12-04,159.75903,79.076225,75.01578,5.667026
Canada,2021-12-05,160.02937,79.23902,75.03721,5.753149
Canada,2021-12-06,160.49313,79.46288,75.09123,5.939011
Canada,2021-12-07,160.96338,79.61079,75.1272,6.225391
Canada,2021-12-08,161.43442,79.7617,75.17854,6.4941745
Canada,2021-12-09,161.88596,79.91162,75.20599,6.7683363
Canada,2021-12-10,162.50526,80.02391,75.23905,7.242294
Canada,2021-12-11,162.86006,80.13138,75.265755,7.462923
Canada,2021-12-12,163.13707,80.24786,75.28492,7.604279
Canada,2021-12-13,163.64832,80.43351,75.33104,7.883768
Canada,2021-12-14,164.32074,80.525856,75.36101,8.433882
Canada,2021-12-15,164.99483,80.647446,75.3998,8.94758
Canada,2021-12-16,165.752,80.766556,75.42538,9.560063
Canada,2021-12-17,166.59071,80.87106,75.46385,10.255809
Canada,2021-12-18,167.27267,80.94665,75.488174,10.837852
Canada,2021-12-19,167.81718,81.031166,75.50666,11.27936
Canada,2021-12-20,168.65417,81.16881,75.56247,11.922897
Canada,2021-12-21,169.78575,81.27882,75.58234,12.924605
Canada,2021-12-22,170.90085,81.366516,75.63323,13.901094
Canada,2021-12-23,172.11081,81.453926,75.6723,14.984577
Canada,2021-12-24,173.03218,,75.69379,15.800088
Canada,2021-12-25,173.33316,81.52623,75.708435,16.098501
Canada,2021-12-26,173.3693,81.52754,75.70914,16.13261
Canada,2021-12-27,173.53064,81.53438,75.71339,16.282883
Canada,2021-12-28,174.26451,81.56872,75.73671,16.959093
Canada,2021-12-29,175.59372,81.670265,75.77151,18.151949
Canada,2021-12-30,176.47311,81.723114,75.79879,18.951208
Canada,2021-12-31,177.31685,81.77526,75.82793,19.713665
Canada,2022-01-01,177.66061,81.79584,75.8424,20.022375
Canada,2022-01-02,177.71812,81.799286,75.8454,20.07345
Canada,2022-01-03,178.01314,81.81922,75.86219,20.331718
Canada,2022-01-04,179.3833,81.90779,75.91982,21.55569
Canada,2022-01-05,180.39404,81.96283,75.962524,22.468695
Canada,2022-01-06,181.47346,82.00948,76.02138,23.442608
Canada,2022-01-07,182.56126,82.08409,76.055275,24.421888
Canada,2022-01-08,183.33694,82.1272,76.08877,25.120974
Canada,2022-01-09,183.90558,82.1701,76.11793,25.617556
Canada,2022-01-10,184.94054,82.24143,76.17651,26.5226
Canada,2022-01-11,186.02771,82.296394,76.224464,27.506847
Canada,2022-01-12,187.0662,82.35538,76.275215,28.435596
Canada,2022-01-13,188.15912,82.42615,76.3314,29.401577
Canada,2022-01-14,189.18613,82.49734,76.39197,30.296824
Canada,2022-01-15,189.90462,82.54729,76.44102,30.916319
Canada,2022-01-16,190.46257,82.59644,76.48297,31.383152
Canada,2022-01-17,191.56958,82.67839,76.533394,32.357796
Canada,2022-01-18,192.25768,82.70827,76.55805,32.99135
Canada,2022-01-19,193.16519,82.777596,76.59321,33.7944
Canada,2022-01-20,193.97308,82.795876,76.63117,34.54603
Canada,2022-01-21,194.77661,82.82959,76.71203,35.234985
Canada,2022-01-22,195.32686,82.87011,76.78459,35.672165
Canada,2022-01-23,195.78392,82.90725,76.87721,35.999454
Canada,2022-01-24,196.60545,82.97157,76.949165,36.68472
Canada,2022-01-25,197.45926,83.033554,77.07072,37.35498
Canada,2022-01-26,198.12544,83.073524,77.16417,37.887745
Canada,2022-01-27,198.77988,83.11652,77.26643,38.39691
Canada,2022-01-28,199.42213,83.15771,77.3669,38.89753
Canada,2022-01-29,199.86227,83.18799,77.4565,39.21778
Canada,2022-01-30,200.23029,83.21428,77.56825,39.447758
Canada,2022-01-31,201.07274,83.283485,77.70067,40.088593
Canada,2022-02-01,201.5828,83.31703,77.78014,40.48562
Canada,2022-02-02,202.07608,83.33535,77.89453,40.84619
Canada,2022-02-03,202.53899,83.36313,77.985306,41.190548
Canada,2022-02-04,202.95097,83.39347,78.08325,41.47426
Canada,2022-02-05,203.24619,83.415535,78.15777,41.672886
Canada,2022-02-06,203.4965,83.434044,78.24359,41.818867
Canada,2022-02-07,204.00885,83.450806,78.38937,42.168663
Canada,2022-02-08,204.31503,83.48897,78.44301,42.383053
Canada,2022-02-09,204.63765,83.5124,78.52276,42.60249
Canada,2022-02-10,204.98193,83.53984,78.61176,42.830338
Canada,2022-02-11,205.30254,83.54768,78.713844,43.041
Canada,2022-02-12,205.51624,83.56518,78.770836,43.180225
Canada,2022-02-13,205.69499,83.578514,78.83274,43.283733
Canada,2022-02-14,205.8671,83.59123,78.892784,43.383076
Canada,2022-02-15,206.26524,,78.978096,43.652206
Canada,2022-02-16,206.48918,83.634834,79.06171,43.792645
Canada,2022-02-17,206.73079,83.653824,79.13944,43.937523
Canada,2022-02-18,206.94563,83.668594,79.20221,44.074833
Canada,2022-02-19,207.10185,83.67909,79.23614,44.186623
Canada,2022-02-20,207.23811,83.68567,79.267334,44.285107
Canada,2022-02-21,207.31517,83.68972,79.28248,44.342976
Canada,2022-02-22,207.66449,,79.35914,44.5739
Canada,2022-02-23,207.83707,83.72885,79.42619,44.682026
Canada,2022-02-24,207.99683,,79.452286,44.7852
Canada,2022-02-25,208.16286,83.75547,79.51637,44.89101
Canada,2022-02-26,208.27808,83.763504,79.54246,44.972122
Canada,2022-02-27,208.39078,83.76952,79.56899,45.052258
Canada,2022-02-28,209.26794,83.78171,79.62857,45.85766
Canada,2022-03-01,209.37845,,79.63547,45.934975
Canada,2022-03-02,209.46507,83.79902,79.67584,45.990215
Canada,2022-03-03,209.56998,,79.68583,46.057312
Canada,2022-03-04,209.71465,83.81858,79.73416,46.1619
Canada,2022-03-05,209.7888,83.824394,79.75331,46.21109
Canada,2022-03-06,209.86073,83.828926,79.77614,46.25567
Canada,2022-03-07,209.97398,83.838356,79.815346,46.320274
Canada,2022-03-08,210.02788,83.843346,79.83044,46.354095
Canada,2022-03-09,210.10545,83.85137,79.85471,46.39938
Canada,2022-03-10,210.1953,,79.86411,46.45325
Canada,2022-03-11,210.27751,,79.88795,46.504986
Canada,2022-03-12,210.34206,,79.90673,46.545708
Canada,2022-03-13,210.40709,,79.92952,46.583893
Canada,2022-03-14,210.51009,,79.96889,46.640816
Canada,2022-03-15,210.5804,,79.98865,46.68564
Canada,2022-03-16,210.65254,,80.00924,46.73137
Canada,2022-03-17,210.72931,,80.032326,46.778496
Canada,2022-03-18,210.80411,,80.05395,46.825714
Canada,2022-03-19,210.86188,,80.07001,46.863197
Canada,2022-03-20,210.9486,83.866905,80.0934,46.98828
Canada,2022-03-21,211.01932,83.87123,80.12066,47.02743
Canada,2022-03-22,211.07475,83.87655,80.13547,47.062737
Canada,2022-03-23,211.16313,83.88381,80.1592,47.12013
Canada,2022-03-24,211.2205,83.888794,80.17601,47.155693
Canada,2022-03-25,211.28444,83.893295,80.19123,47.19991
Canada,2022-03-26,211.33759,83.89717,80.20345,47.23697
Canada,2022-03-27,211.3968,,80.22151,47.27433
Canada,2022-03-28,211.46011,,80.24373,47.311382
Canada,2022-03-29,211.50438,,80.25403,47.341587
Canada,2022-03-30,211.61244,83.899086,80.297485,47.41587
Canada,2022-03-31,211.7416,83.921036,80.34003,47.48053
Canada,2022-04-01,211.83366,83.9261,80.35253,47.555035
Canada,2022-04-02,211.90965,83.92991,80.361786,47.61796
Canada,2022-04-03,211.9856,83.93338,80.3734,47.678818
Canada,2022-04-04,212.0193,83.93497,80.37794,47.7064
Canada,2022-04-05,212.07845,83.938095,80.38464,47.755703
Canada,2022-04-06,212.19759,83.94506,80.40273,47.8498
Canada,2022-04-07,212.33197,83.94957,80.41675,47.96565
Canada,2022-04-08,212.4862,83.953,80.423775,48.109436
Canada,2022-04-09,212.65085,83.95698,80.4317,48.26216
Canada,2022-04-10,212.79684,83.96095,80.44247,48.393425
Canada,2022-04-11,212.86444,83.962456,80.446144,48.45584
Canada,2022-04-12,213.01282,83.96637,80.45107,48.595383
Canada,2022-04-13,213.26282,83.97377,80.46606,48.823
Canada,2022-04-14,213.4839,83.977455,80.47216,49.034286
Canada,2022-04-15,213.71739,83.98213,80.480095,49.25517
Canada,2022-04-16,213.82605,83.98392,80.48327,49.358868
Canada,2022-04-17,213.95235,83.987335,,49.474308
Canada,2022-04-18,213.9702,83.988335,,49.489895
Canada,2022-04-19,214.07126,83.99243,,49.58304
Canada,2022-04-20,214.37454,84.019485,80.490654,49.8644
Canada,2022-04-21,214.94254,84.115486,80.58914,50.237904
Canada,2022-04-22,215.14447,84.119545,80.59516,50.429764
Canada,2022-04-23,215.33615,84.12397,80.6021,50.610077
Canada,2022-04-24,215.46559,84.12808,80.61022,50.72729
Canada,2022-04-25,215.52292,84.12994,80.6135,50.77948
Canada,2022-04-26,215.65652,84.1356,80.618484,50.90243
Canada,2022-04-27,215.913,84.14413,80.631676,51.137196
Canada,2022-04-28,216.21646,84.16014,80.64435,51.411972
Canada,2022-04-29,216.38892,84.1645,80.65006,51.57436
Canada,2022-04-30,216.54742,84.168175,80.65618,51.72307
Canada,2022-05-01,216.64996,84.171394,80.6624,51.816162
Canada,2022-05-02,216.68596,84.17267,80.664536,51.84876
Canada,2022-05-03,216.78593,84.178925,80.66918,51.93783
Canada,2022-05-04,217.02316,84.18786,80.68294,52.15235
Canada,2022-05-05,217.30725,84.199356,80.69914,52.408752
Canada,2022-05-06,217.45349,84.20368,80.704445,52.54537
Canada,2022-05-07,217.59236,84.20751,80.70971,52.67514
Canada,2022-05-08,217.68802,84.21108,80.71536,52.761566
Canada,2022-05-09,217.72403,84.22417,80.71741,52.782455
Canada,2022-05-10,217.81856,84.273384,80.72163,52.823555
Canada,2022-05-11,218.02632,,80.73261,52.94835
Canada,2022-05-12,218.21399,,80.738594,53.06249
Canada,2022-05-13,218.27713,,80.74056,53.12247
Canada,2022-05-14,218.39156,,80.745575,53.169285
Canada,2022-05-15,218.49957,,80.7513,53.212963
Canada,2022-05-16,218.51346,,80.75216,53.22554
Canada,2022-05-17,218.6589,,80.7613,53.267124
Canada,2022-05-18,218.84119,,80.771706,53.37401
Canada,2022-05-19,219.2119,,80.79425,53.640957
Canada,2022-05-20,219.30908,,80.799,53.67821
Canada,2022-05-21,219.39912,,80.80395,53.712273
Canada,2022-05-22,219.45332,,80.8084,53.73992
Canada,2022-05-23,219.46173,,80.80902,53.74742
Canada,2022-05-24,219.49753,,80.81166,53.77846
Canada,2022-05-25,219.63493,,80.84134,53.858517
Canada,2022-05-26,219.88258,,80.85402,54.040443
Canada,2022-05-27,219.96523,,80.85866,54.068993
Canada,2022-05-28,220.04106,,80.86367,54.096565
Canada,2022-05-29,220.09488,,80.86901,54.12034
Canada,2022-05-30,220.11694,,80.87158,54.130768
Canada,2022-05-31,220.16939,,80.87571,54.148376
Canada,2022-06-01,220.28827,,80.88541,54.216545
Canada,2022-06-02,220.50456,84.313545,80.898,55.293015
Canada,2022-06-03,220.56197,84.3165,80.90231,55.343147
Canada,2022-06-04,220.61356,84.31952,,55.38687
Canada,2022-06-05,220.65979,84.33057,,55.416447
Canada,2022-06-06,220.67522,84.3315,,55.429134
Canada,2022-06-07,220.71873,84.334076,,55.466286
Canada,2022-06-08,220.8001,84.360176,80.90702,55.532898
Canada,2022-06-09,221.02635,84.36848,80.91877,55.739105
Canada,2022-06-10,221.0812,84.371704,80.9233,55.786194
Canada,2022-06-11,221.13133,84.37441,80.92741,55.829514
Canada,2022-06-12,221.1662,84.37693,80.93255,55.856724
Canada,2022-06-13,221.1807,84.37809,80.934494,55.868107
Canada,2022-06-14,221.22098,84.38061,80.93775,55.902626
Canada,2022-06-15,221.30719,84.386345,80.94641,55.974438
Canada,2022-06-16,221.51355,84.39443,80.957924,56.161198
Canada,2022-06-17,221.55872,84.39657,80.96111,56.201046
Canada,2022-06-18,221.6049,84.39883,80.964676,56.241405
Canada,2022-06-19,221.6371,84.4009,80.96875,56.267445
Canada,2022-06-20,221.65314,84.401825,80.97063,56.280685
Canada,2022-06-21,221.69086,84.403915,80.97334,56.313595
Canada,2022-06-22,221.76543,84.40809,80.97944,56.377895
Canada,2022-06-23,221.97511,84.42116,80.9894,56.564556
Canada,2022-06-24,222.0371,84.42439,80.99428,56.618423
Canada,2022-06-25,222.07675,84.42601,80.99701,56.653732
Canada,2022-06-26,222.10779,84.427605,81.00037,56.67981
Canada,2022-06-27,222.12,84.428246,81.00181,56.68994
Canada,2022-06-28,222.15614,84.4301,81.00428,56.721764
Canada,2022-06-29,222.20413,84.43202,81.00738,56.764732
Canada,2022-06-30,222.26326,84.43544,81.014534,56.813286
Canada,2022-07-01,222.32016,84.4382,81.018814,56.863132
Canada,2022-07-02,222.32698,84.43869,81.019485,56.868797
Canada,2022-07-03,222.35828,84.44027,81.02195,56.896065
Canada,2022-07-04,222.37149,84.440895,81.02311,56.907482
Canada,2022-07-05,222.415,84.4429,81.02571,56.94638
Canada,2022-07-06,222.53087,84.45004,81.03689,57.04393
Canada,2022-07-07,222.79912,84.45676,81.04727,57.295097
Canada,2022-07-08,222.84573,84.45852,81.0498,57.337418
Canada,2022-07-09,222.95146,84.463066,81.05527,57.433132
Canada,2022-07-10,223.00412,84.46542,81.05779,57.4809
Canada,2022-07-11,223.02551,84.46659,81.05915,57.499767
Canada,2022-07-12,223.07976,84.46917,81.06176,57.548832
Canada,2022-07-13,223.3036,84.47955,81.07522,57.74883
Canada,2022-07-14,223.38216,84.48255,81.07812,57.821487
Canada,2022-07-15,223.49844,84.48764,81.08313,57.927677
Canada,2022-07-16,223.6129,84.49156,81.0865,58.03484
Canada,2022-07-17,223.70586,84.49478,81.08927,58.12179
Canada,2022-07-18,223.74464,84.495804,81.090256,58.158585
Canada,2022-07-19,223.84132,84.49892,81.093254,58.249146
Canada,2022-07-20,224.01912,,81.10106,58.412113
Canada,2022-07-21,224.26439,,81.10919,58.641148
Canada,2022-07-22,224.39948,,,58.76666
Canada,2022-07-23,224.52989,,,58.887447
Canada,2022-07-24,224.61487,,,58.966457
Canada,2022-07-25,224.65714,,,59.005936
Canada,2022-07-26,224.74391,,,59.08609
Canada,2022-07-27,225.30107,84.50038,81.11302,59.687656
Canada,2022-07-28,225.52237,84.50977,81.12203,59.89056
Canada,2022-07-29,225.60135,,81.12673,59.985794
Canada,2022-07-30,225.62172,,81.12831,60.029152
Canada,2022-07-31,225.67097,,81.13098,60.097015
Canada,2022-08-01,225.89618,84.62738,81.13269,60.1361
Canada,2022-08-02,225.93846,84.64178,81.13361,60.163067
Canada,2022-08-03,226.03123,84.64881,81.137344,60.245087
Canada,2022-08-04,226.21991,,81.14633,60.423077
Canada,2022-08-05,226.29239,84.64918,81.14956,60.49365
Canada,2022-08-06,226.36711,84.65409,81.153595,60.559437
Canada,2022-08-07,226.42589,,81.1558,60.6036
Canada,2022-08-08,226.46606,,81.15654,60.620205
Canada,2022-08-09,226.5456,,81.15881,60.68045
Canada,2022-08-10,226.72772,,81.165474,60.82709
Canada,2022-08-12,226.83438,84.6637,81.17611,60.994583
Canada,2022-08-13,226.90244,84.6731,81.17928,61.050053
Canada,2022-08-14,226.95486,84.682106,81.18171,61.091053
Canada,2022-08-15,226.97311,84.68442,81.18261,61.10609
Canada,2022-08-16,227.0354,84.69968,81.18512,61.150597
Canada,2022-08-17,227.35286,84.72797,81.192696,61.43219
Canada,2022-08-18,227.55301,84.77015,81.202934,61.579914
Canada,2022-08-19,227.6767,84.80401,81.208595,61.6641
Canada,2022-08-20,227.76411,84.82791,81.21173,
Canada,2022-08-21,227.812,84.8395,81.21357,
Canada,2022-08-22,227.84464,84.846344,81.21521,
Canada,2022-08-23,227.92035,84.87096,81.21771,
Canada,2022-08-24,228.09285,84.91244,81.22485,
Canada,2022-08-25,228.19316,,81.22856,61.71042
Canada,2022-08-26,228.29173,84.97699,81.2321,62.082645
Canada,2022-08-27,228.32494,84.98137,81.23476,62.108814
Canada,2022-08-28,228.34581,84.98487,81.23642,62.12452
Canada,2022-08-29,228.46056,85.02536,81.239426,62.19578
Canada,2022-08-30,228.52585,85.0469,81.24223,62.236713
Canada,2022-08-31,228.68726,85.08612,81.2497,62.351437
Canada,2022-09-01,228.8867,85.142654,81.260475,62.483578
Canada,2022-09-02,228.97346,85.16919,81.26408,62.540195
Canada,2022-09-03,229.01302,85.1737,81.26695,62.572365
Canada,2022-09-04,229.03578,85.17653,81.26871,62.590538
Canada,2022-09-05,229.11606,85.20631,81.27074,62.639008
Canada,2022-09-06,229.13051,85.21038,81.27118,62.64895
Canada,2022-09-07,229.26376,85.244255,81.27655,62.742966
Canada,2022-09-08,229.39508,85.28199,81.28369,62.82939
Canada,2022-09-09,229.46724,85.309525,81.28609,62.87163
Canada,2022-09-10,229.49637,85.313385,81.288124,62.894855
Canada,2022-09-11,229.5206,85.31613,81.28987,62.914585
Canada,2022-09-12,229.64331,85.37097,81.292145,62.98019
Canada,2022-09-13,229.70256,85.396774,81.29414,63.011642
Canada,2022-09-14,229.84802,85.43961,81.298744,63.10967
Canada,2022-09-15,230.01562,85.4844,81.30336,63.227875
Canada,2022-09-16,230.12978,85.52672,81.30568,63.297386
Canada,2022-09-17,230.17511,85.529495,81.30752,63.3381
Canada,2022-09-18,230.20534,85.53135,81.30874,63.365242
Canada,2022-09-19,230.3367,85.58993,81.31121,63.435566
Canada,2022-09-20,230.41391,85.61546,81.31304,63.48541
Canada,2022-09-21,230.56374,85.656006,81.31792,63.58981
Canada,2022-09-22,230.82014,85.69935,81.32393,63.79687
Canada,2022-09-23,230.94444,85.73709,81.326935,63.88043
Canada,2022-09-24,231.00143,85.73969,81.32936,63.93238
Canada,2022-09-25,231.03076,85.741394,81.33123,63.95813
Canada,2022-09-26,231.17549,85.80475,81.33525,64.0355
Canada,2022-09-27,231.31255,85.828026,81.337204,64.14732
Canada,2022-09-28,231.60649,85.86653,81.34234,64.39761
Canada,2022-09-29,232.11235,85.91163,81.34858,64.852135
Canada,2022-09-30,232.29935,85.94762,81.35208,64.99965
Canada,2022-10-01,232.3886,85.94928,81.35393,65.085396
Canada,2022-10-02,232.45193,85.95136,81.35662,65.143936
Canada,2022-10-03,232.609,86.010895,81.36056,65.23753
Canada,2022-10-04,232.72043,86.02653,81.36282,65.33108
Canada,2022-10-05,232.8752,86.05519,81.36618,65.45383
Canada,2022-10-06,233.38052,86.09707,81.37423,65.90922
Canada,2022-10-07,233.54665,86.13056,81.37795,66.03814
Canada,2022-10-08,233.89496,86.15677,81.391396,66.34679
Canada,2022-10-09,233.94408,86.1578,81.3933,66.39297
Canada,2022-10-10,234.076,86.2133,81.39751,66.46519
Canada,2022-10-11,234.10345,86.22126,81.39792,66.484276
Canada,2022-10-12,234.43713,86.26131,81.40914,66.7667
Canada,2022-10-13,234.98979,86.31848,81.42046,67.25085
Canada,2022-10-14,235.1544,86.35808,81.42399,67.37233
Canada,2022-10-15,235.24101,86.36029,81.42699,67.45374
Canada,2022-10-16,235.30402,86.3619,81.42916,67.51295
Canada,2022-10-17,235.46162,86.424225,81.43312,67.60428
Canada,2022-10-18,235.59117,86.450806,81.436485,67.70388
Canada,2022-10-19,235.88597,86.49303,81.443985,67.94896
Canada,2022-10-20,236.36633,86.616554,81.452675,68.29711
Canada,2022-10-21,236.67973,86.66026,81.45768,68.56179
Canada,2022-10-22,236.84065,86.6634,81.46123,68.716034
Canada,2022-10-23,236.92175,86.66502,81.463356,68.79337
Canada,2022-10-24,237.10052,86.731865,81.46684,68.901825
Canada,2022-10-25,237.24995,86.757454,81.46884,69.02366
Canada,2022-10-26,237.60258,86.80036,81.47666,69.32556
Canada,2022-10-27,238.25346,86.97886,81.489456,69.78514
Canada,2022-10-28,238.44739,87.015366,81.492775,69.93925
Canada,2022-10-29,238.58134,87.01787,81.49539,70.068085
Canada,2022-10-30,238.65588,87.01973,81.49788,70.138275
Canada,2022-10-31,238.82054,87.082825,81.50144,70.236275
Canada,2022-11-01,238.94571,87.10507,81.502975,70.33767
Canada,2022-11-02,239.35953,87.14247,81.509674,70.70738
Canada,2022-11-03,239.98653,87.34586,81.521484,71.11918
Canada,2022-11-04,240.16112,87.37811,81.52409,71.25891
Canada,2022-11-05,240.27898,87.380424,81.52673,71.37182
Canada,2022-11-06,240.3481,87.38202,81.52874,71.43734
Canada,2022-11-07,240.49461,,81.531845,71.52781
Canada,2022-11-08,240.58186,,81.5338,71.627075
Canada,2022-11-09,240.82333,87.40241,81.53971,71.8812
Canada,2022-11-10,241.33818,,81.54984,72.26229
Canada,2022-11-11,241.45,,81.5525,72.395424
Canada,2022-11-12,241.54535,,81.55462,72.486496
Canada,2022-11-13,241.60898,,81.55667,72.54647
Canada,2022-11-14,241.63809,87.44589,81.55968,72.632515
Canada,2022-11-15,242.06163,87.76666,81.56166,72.7333
Canada,2022-11-16,242.36617,87.80272,81.5681,72.995346
Canada,2022-11-17,242.76419,87.95124,81.57643,73.23652
Canada,2022-11-18,243.03362,87.9857,81.58126,73.46665
Canada,2022-11-20,243.19606,87.99086,81.586464,73.61872
Canada,2022-11-21,243.35286,88.044395,81.58976,73.71872
Canada,2022-11-22,243.46504,88.06598,81.591545,73.80751
Canada,2022-11-23,243.72366,88.098785,81.59809,74.02678
Canada,2022-11-24,244.20059,88.24947,81.61039,74.34073
Canada,2022-11-25,244.34294,88.279465,81.61397,74.44952
Canada,2022-11-26,244.42204,88.282364,81.61763,74.52205
Canada,2022-11-27,244.47148,88.28412,81.62012,74.567245
Canada,2022-11-28,244.6147,88.33356,81.62354,74.6576
Canada,2022-11-29,244.70625,88.35158,81.62555,74.72912
Canada,2022-11-30,244.92593,88.38164,81.63187,74.91243
Canada,2022-12-01,245.31363,88.50505,81.64318,75.16539
Canada,2022-12-02,245.4268,88.529,81.645935,75.25187
Canada,2022-12-04,245.53323,88.53236,81.64991,75.35097
Canada,2022-12-05,245.66022,88.57845,81.652626,75.429146
Canada,2022-12-06,245.68924,88.59298,81.65293,75.443344
Canada,2022-12-07,245.92192,88.619385,81.65976,75.64277
Canada,2022-12-08,246.17406,88.73022,81.673164,75.770676
Canada,2022-12-09,246.22633,88.7561,81.673805,75.79642
Canada,2022-12-12,246.32758,88.80027,81.67621,75.851105
Canada,2022-12-16,246.76726,88.81453,81.69129,76.261444
Canada,2022-12-18,246.85075,88.81798,81.69523,76.33755
Canada,2022-12-19,247.1234,88.94779,81.6998,76.4758
Canada,2022-12-20,247.1915,88.96307,81.701706,76.52672
Canada,2022-12-21,247.41844,88.98797,81.70939,76.721085
Canada,2022-12-22,247.78073,89.11835,81.72512,76.937256
Canada,2022-12-23,247.85373,89.13565,81.7277,76.99037
Canada,2022-12-24,247.86942,89.136566,81.72848,77.00437
Canada,2022-12-25,247.8769,89.1371,81.72896,77.01086
Canada,2022-12-26,247.88814,89.14202,81.72945,77.01666
Canada,2022-12-27,247.89479,89.14285,81.72962,77.022316
Canada,2022-12-28,247.92798,89.14975,81.73039,77.04783
Canada,2022-12-29,247.98009,89.16042,81.73252,77.08715
Canada,2022-12-30,248.04025,89.17208,81.73535,77.13283
Canada,2022-12-31,248.06985,89.17356,81.736496,77.15979
Canada,2023-01-01,248.08044,89.174225,81.73714,77.169075
Canada,2023-01-02,248.09227,89.17976,81.73752,77.17499
Canada,2023-01-03,248.11557,89.18147,81.73807,77.19603
Canada,2023-01-04,248.15508,89.183495,81.73988,77.23169
Canada,2023-01-05,248.30379,89.24215,81.748215,77.31342
Canada,2023-01-06,248.36949,89.25734,81.750946,77.36121
Canada,2023-01-07,248.46999,89.26247,81.75544,77.45208
Canada,2023-01-08,248.50024,89.26416,81.75705,77.47904
Canada,2023-01-09,248.55037,89.28413,81.759186,77.50706
Canada,2023-01-10,248.59503,89.29205,81.76121,77.54178
Canada,2023-01-11,248.84303,89.31081,81.76949,77.76273
Canada,2023-01-12,248.98145,89.355225,81.776505,77.84971
Canada,2023-01-13,249.0418,89.370155,81.77883,77.892815
Canada,2023-01-14,249.07735,89.37177,81.780365,77.9252
Canada,2023-01-15,249.10156,89.373146,81.78178,77.94665
Canada,2023-01-16,249.14687,89.39427,81.783714,77.96887
Canada,2023-01-17,249.1806,89.400696,81.78489,77.99501
Canada,2023-01-18,249.27432,89.404495,81.78879,78.08105
Canada,2023-01-19,249.38188,89.43662,81.796265,78.148994
Canada,2023-01-20,249.44904,89.46542,81.79856,78.18505
Canada,2023-01-21,249.47992,89.46682,81.800125,78.21297
Canada,2023-01-22,249.49956,89.467834,81.80123,78.2305
Canada,2023-01-23,249.53316,89.48266,81.80306,78.24744
Canada,2023-01-24,249.56197,89.48761,81.8041,78.270256
Canada,2023-01-25,249.61475,89.494736,81.80644,78.31356
Canada,2023-01-26,249.673,,,78.34203
Canada,2023-01-27,249.75398,,,79.241844
Canada,2023-01-28,249.77779,,,79.26402
Canada,2023-01-29,249.793,,,79.27776
Canada,2023-01-30,249.81642,,,79.28795
Canada,2023-01-31,249.8349,,,79.30314
Canada,2023-02-01,249.89676,,,79.35519
Canada,2023-02-02,249.95844,,,79.39103
Canada,2023-02-03,249.96504,,,79.39272
Canada,2023-02-06,249.9744,,,79.39571
Canada,2023-02-07,249.97731,,,79.39651
Canada,2023-02-08,250.01291,,,79.42533
Canada,2023-02-09,250.04568,,,79.439735
Canada,2023-02-10,250.16821,,,79.574715
Canada,2023-02-11,250.18361,,,79.58921
Canada,2023-02-12,250.19408,,,79.59837
Canada,2023-02-13,250.20801,,,79.60485
Canada,2023-02-14,250.22018,,,79.61472
Canada,2023-02-15,250.25998,,,79.64813
Canada,2023-02-16,250.30534,,,79.67201
Canada,2023-02-17,250.32808,,,79.69616
Canada,2023-02-18,250.34113,,,79.70788
Canada,2023-02-19,250.34967,,,79.715454
Canada,2023-02-20,250.36023,,,79.72064
Canada,2023-02-21,250.36574,,,79.72344
Canada,2023-02-22,250.40019,,,79.75062
Canada,2023-02-23,250.43999,,,79.7709
Canada,2023-02-24,250.45714,,,79.79006
Canada,2023-02-25,250.46985,,,79.80091
Canada,2023-02-26,250.47873,,,79.807655
Canada,2023-02-27,250.49106,,,79.81199
Canada,2023-02-28,250.50183,,,79.81882
Canada,2023-03-01,250.53632,,,79.84324
Canada,2023-03-02,250.5738,,,79.86215
Canada,2023-03-03,250.59613,,,79.88297
Canada,2023-03-04,250.60876,,,79.89372
Canada,2023-03-05,250.61526,,,79.899
Canada,2023-03-06,250.62776,,,79.903244
Canada,2023-03-07,250.6401,,,79.91127
Canada,2023-03-08,250.67697,,,79.938416
Canada,2023-03-09,250.72527,,,79.96066
Canada,2023-03-10,250.74905,,,79.993065
Canada,2023-03-11,250.75937,,,80.00287
Canada,2023-03-12,250.76672,,,80.009544
Canada,2023-03-13,250.78065,,,80.01325
Canada,2023-03-14,250.79366,,,80.020966
Canada,2023-03-15,250.82732,,,80.04453
Canada,2023-03-16,250.86598,,,80.061226
Canada,2023-03-17,250.891,,,80.08374
Canada,2023-03-18,250.90207,,,80.09423
Canada,2023-03-19,250.90903,,,80.10039
Canada,2023-03-20,250.91098,,,80.10235
Canada,2023-03-21,250.93625,,,80.11115
Canada,2023-03-22,250.95306,,,80.1208
Canada,2023-03-23,250.98817,,,80.13687
Canada,2023-03-24,251.01106,,,80.15694
Canada,2023-03-25,251.02196,,,80.16744
Canada,2023-03-26,251.02827,,,80.173134
Canada,2023-03-27,251.04358,,,80.17656
Canada,2023-03-28,251.0568,,,80.1843
Canada,2023-03-29,251.10764,,,80.224
Canada,2023-03-30,251.14679,,,80.241104
Canada,2023-03-31,251.16939,,,80.25883
Canada,2023-04-01,251.18008,,,80.268845
Canada,2023-04-02,251.18567,,,80.27398
Canada,2023-04-03,251.19873,,,80.27698
Canada,2023-04-04,251.21126,,,80.28572
Canada,2023-04-05,251.24466,,,80.31069
Canada,2023-04-06,251.29121,,,80.327805
Canada,2023-04-07,251.31396,,,80.36835
Canada,2023-04-08,251.3161,,,80.370865
Canada,2023-04-09,251.32231,,,80.37692
Canada,2023-04-10,251.3274,,,80.3786
Canada,2023-04-11,251.33482,,,80.38612
Canada,2023-04-12,251.3742,,,80.41737
Canada,2023-04-13,251.4614,,,80.442635
Canada,2023-04-14,251.47795,,,80.45897
Canada,2023-04-15,251.49554,,,80.4762
Canada,2023-04-16,251.50389,,,80.48417
Canada,2023-04-17,251.52303,,,80.48802
Canada,2023-04-18,251.53514,,,80.4997
Canada,2023-04-19,251.58177,,,80.5359
Canada,2023-04-20,251.72044,,,80.557274
Canada,2023-04-21,251.74805,,,80.585
Canada,2023-04-22,251.76428,,,80.60102
Canada,2023-04-23,251.7727,,,80.60888
Canada,2023-04-24,251.78426,,,80.611984
Canada,2023-04-25,251.79631,,,80.62373
Canada,2023-04-26,251.84361,,,80.66167
Canada,2023-04-27,251.8668,,,80.67839
Canada,2023-04-28,251.8949,,,80.703926
Canada,2023-04-29,251.91154,,,80.72001
Canada,2023-04-30,251.91827,,,80.72618
Canada,2023-05-01,251.93109,,,80.72971
Canada,2023-05-02,251.94434,,,80.74058
Canada,2023-05-03,251.98738,,,80.77729
Canada,2023-05-04,252.00697,,,80.79643
Canada,2023-05-05,252.04602,,,80.851166
Canada,2023-05-07,252.10135,,,80.90594
Canada,2023-05-09,252.13849,,,80.94292
Canada,2023-05-10,252.19795,,,80.98124
Canada,2023-05-11,252.23027,,,81.01318
Canada,2023-05-12,252.27223,,,81.05917
Canada,2023-05-13,252.3013,,,81.08809
Canada,2023-05-14,252.31198,,,81.09851
Canada,2023-05-15,252.31467,,,81.101265
Canada,2023-05-16,252.33704,,,81.12337
Canada,2023-05-17,252.39641,,,81.18017
Canada,2023-05-18,252.44243,,,81.20663
Canada,2023-05-19,252.47903,,,81.246216
Canada,2023-05-20,252.50256,,,81.269295
Canada,2023-05-21,252.51033,,,81.27672
Canada,2023-05-22,252.51276,,,81.27909
Canada,2023-05-23,252.5146,,,81.28091
Canada,2023-05-24,252.55096,,,81.30212
Canada,2023-05-25,252.57326,,,81.32398
Canada,2023-05-26,252.6002,,,81.35743
Canada,2023-05-27,252.62093,,,81.37772
Canada,2023-05-28,252.62834,,,81.3848
Canada,2023-05-29,252.63078,,,81.38719
Canada,2023-05-30,252.64568,,,81.40182
Canada,2023-05-31,252.68382,,,81.42341
Canada,2023-06-01,252.70123,,,81.44039
Canada,2023-06-02,252.72388,,,81.467155
Canada,2023-06-03,252.73773,,,81.48071
Canada,2023-06-04,252.74297,,,81.48561
Canada,2023-06-05,252.74449,,,81.48709
Canada,2023-06-06,252.7558,,,81.49824
Canada,2023-06-07,252.81927,,,81.546394
Canada,2023-06-08,252.83296,,,81.55978
Canada,2023-06-09,252.8542,,,81.60075
Canada,2023-06-14,252.86755,,,81.65987
Canada,2023-06-15,252.87979,,,81.67174
Canada,2023-06-16,252.89967,,,81.6982
Canada,2023-06-17,252.9099,,,81.70828
Canada,2023-06-18,252.91388,,,81.71215
Canada,2023-06-19,252.91478,,,81.71312
Canada,2023-06-20,252.92271,,,81.72084
Canada,2023-06-21,252.95537,,,81.74011
Canada,2023-06-22,252.96486,,,81.749214
Canada,2023-06-23,252.98102,,,81.771576
Canada,2023-06-24,252.99037,,,81.78098
Canada,2023-06-25,252.99422,,,81.78474
Canada,2023-06-26,252.99551,,,81.78612
Canada,2023-06-27,253.00316,,,81.79345
Canada,2023-06-28,253.03142,,,81.81185
Canada,2023-06-29,253.04094,,,81.82103
Canada,2023-06-30,253.05478,,,81.837776
Canada,2023-07-01,253.06268,,,81.84533
Canada,2023-07-02,253.06337,,,81.84598
Canada,2023-07-03,253.06427,,,81.846855
Canada,2023-07-04,253.06741,,,81.84993
Canada,2023-07-05,253.08109,,,81.8565
Canada,2023-07-06,253.08708,,,81.86222
Canada,2023-07-07,253.0991,,,81.89388
Canada,2023-07-08,253.10521,,,81.89979
Canada,2023-07-09,253.10754,,,81.901924
Canada,2023-07-10,253.10829,,,81.902664
Canada,2023-07-11,253.11269,,,81.90697
Canada,2023-07-12,253.12761,,,81.91342
Canada,2023-07-13,253.13286,,,81.91837
Canada,2023-07-14,253.14146,,,81.93545
Canada,2023-07-15,253.14626,,,81.94016
Canada,2023-07-16,253.1483,,,81.942215
Canada,2023-07-17,253.14877,,,81.94278
Canada,2023-07-18,253.15211,,,81.94594
Canada,2023-07-19,253.16412,,,81.951096
Canada,2023-07-20,253.16776,,,81.95439
Canada,2023-07-21,253.17465,,,81.96826
Canada,2023-07-22,253.1785,,,81.97207
Canada,2023-07-23,253.18027,,,81.97382
Canada,2023-07-24,253.18086,,,81.97451
Canada,2023-07-25,253.18356,,,81.97708
Canada,2023-07-26,253.2233,,,82.00641
Canada,2023-07-27,253.22636,,,82.009155
Canada,2023-07-28,253.23306,,,82.02031
Canada,2023-07-29,253.23637,,,82.02338
Canada,2023-07-30,253.23798,,,82.02487
Canada,2023-07-31,253.23856,,,82.02543
Canada,2023-08-01,253.24135,,,82.028046
Canada,2023-08-02,253.25204,,,82.032036
Canada,2023-08-03,253.25467,,,82.0344
Canada,2023-08-04,253.2599,,,82.05432
Canada,2023-08-05,253.26326,,,82.057465
Canada,2023-08-06,253.26471,,,82.05882
Canada,2023-08-07,253.26534,,,82.05942
Canada,2023-08-08,253.26614,,,82.060196
Canada,2023-08-09,253.27556,,,82.06386
Canada,2023-08-10,253.27943,,,82.06735
Canada,2023-08-11,253.28564,,,82.07988
Canada,2023-08-12,253.28983,,,82.08397
Canada,2023-08-13,253.29184,,,82.086
Canada,2023-08-14,253.29247,,,82.086685
Canada,2023-08-15,253.29572,,,82.08989
Canada,2023-08-16,253.31209,,,82.09501
Canada,2023-08-17,253.31621,,,82.098755
Canada,2023-08-18,253.32309,,,82.110565
Canada,2023-08-19,253.32747,,,82.11473
Canada,2023-08-20,253.3296,,,82.116776
Canada,2023-08-21,253.33018,,,82.117516
Canada,2023-08-22,253.33334,,,82.12044
Canada,2023-08-23,253.34738,,,82.12516
Canada,2023-08-24,253.35124,,,82.1286
Canada,2023-08-25,253.35742,,,82.14074
Canada,2023-08-26,253.36154,,,82.14478
Canada,2023-08-27,253.36354,,,82.14678
Canada,2023-08-28,253.36401,,,82.14735
Canada,2023-08-29,253.36632,,,82.14949
Canada,2023-08-30,253.3783,,,82.153595
Canada,2023-08-31,253.38188,,,82.15672
Canada,2023-09-01,253.388,,,82.1664
Canada,2023-09-02,253.39124,,,82.16929
Canada,2023-09-03,253.39294,,,82.17078
Canada,2023-09-04,253.39331,,,82.17114
Canada,2023-09-05,253.39365,,,82.171455
Canada,2023-09-06,253.4012,,,82.17431
Canada,2023-09-07,253.40405,,,82.17692
Canada,2023-09-08,253.40944,,,82.2004
Canada,2023-09-09,253.4125,,,82.20342
Canada,2023-09-10,253.41458,,,82.20547
Canada,2023-09-11,253.41492,,,82.20589
Canada,2023-09-12,253.41716,,,82.208046
Canada,2023-09-13,253.42586,,,82.21184
Canada,2023-09-14,253.42847,,,82.21414
Canada,2023-09-15,253.43456,,,82.226524
Canada,2023-09-16,253.43741,,,82.22932
Canada,2023-09-17,253.43918,,,82.23104
Canada,2023-09-18,253.43954,,,82.23157
Canada,2023-09-19,253.44162,,,82.23347
Canada,2023-09-20,253.44878,,,82.23632
Canada,2023-09-21,253.45087,,,82.23817
Canada,2023-09-22,253.4554,,,82.24974
Canada,2023-09-23,253.45782,,,82.25216
Canada,2023-09-24,253.45937,,,82.25372
Canada,2023-09-25,253.45969,,,82.254166
Canada,2023-09-26,253.4613,,,82.25563
Canada,2023-09-27,253.46764,,,82.25825
Canada,2023-09-28,253.46936,,,82.259735
Canada,2023-09-29,253.4937,,,82.28774
Canada,2023-09-30,253.49594,,,82.28978
Canada,2023-10-01,253.49713,,,82.29083
Canada,2023-10-02,253.49747,,,82.29114
Canada,2023-10-03,253.49968,,,82.29325
Canada,2023-10-04,253.51085,,,82.2996
Canada,2023-10-05,253.51732,,,82.30585
Canada,2023-10-06,253.52963,,,82.33385
Canada,2023-10-07,253.54036,,,82.34423
Canada,2023-10-08,253.54228,,,82.34599
Canada,2023-10-09,253.5426,,,82.3463
Canada,2023-10-10,253.54274,,,82.34644
Canada,2023-10-11,253.63956,,,82.37238
Canada,2023-10-13,253.71048,,,82.448944
Canada,2023-10-14,253.75119,,,82.489235
Canada,2023-10-15,253.77492,,,82.512695
Canada,2023-10-16,253.78624,,,82.524025
Canada,2023-10-17,253.84291,,,82.58001
Canada,2023-10-18,254.34996,,,82.68483
Canada,2023-10-19,254.42947,,,82.76337
Canada,2023-10-20,254.56488,,,82.904686
Canada,2023-10-21,254.67763,,,83.0162
Canada,2023-10-22,254.73657,,,83.074425
Canada,2023-10-23,254.75847,,,83.09615
Canada,2023-10-24,254.85701,,,83.193634
Canada,2023-10-25,255.46512,,,83.342674
Canada,2023-10-26,255.57132,,,83.44751
Canada,2023-10-27,255.73586,,,83.614586
Canada,2023-10-28,255.87042,,,83.74735
Canada,2023-10-29,255.93001,,,83.805786
Canada,2023-10-30,255.95729,,,83.83265
Canada,2023-10-31,256.0947,,,83.96849
Canada,2023-11-01,256.6284,,,84.01393
Canada,2023-11-02,256.96295,,,84.34873
Canada,2023-11-03,257.12607,,,84.50978
Canada,2023-11-04,257.28302,,,84.66424
Canada,2023-11-05,257.36847,,,84.747925
Canada,2023-11-06,257.4043,,,84.78318
Canada,2023-11-07,257.5271,,,84.904076
Canada,2023-11-08,258.1434,,,85.07835
Canada,2023-11-09,258.31985,,,85.26896
Canada,2023-11-10,258.45572,,,85.402245
Canada,2023-11-11,258.58032,,,85.52458
Canada,2023-11-12,258.64267,,,85.58521
Canada,2023-11-13,258.6708,,,85.61272
Canada,2023-11-14,258.76938,,,85.70958
Canada,2023-11-15,259.28326,,,85.856606
Canada,2023-11-16,259.4289,,,86.00667
Canada,2023-11-17,259.53375,,,86.10943
Canada,2023-11-18,259.63388,,,86.20723
Canada,2023-11-19,259.6908,,,86.26233
Canada,2023-11-20,259.71378,,,86.28476
Canada,2023-11-21,259.79425,,,86.36358
Canada,2023-11-22,260.294,,,86.49038
Canada,2023-11-23,260.4125,,,86.61338
Canada,2023-11-24,260.4953,,,86.694496
Canada,2023-11-25,260.57416,,,86.77151
Canada,2023-11-26,260.61652,,,86.81233
Canada,2023-11-27,260.63416,,,86.82953
Canada,2023-11-28,260.69522,,,86.889435
Canada,2023-11-29,261.06985,,,86.99384
Canada,2023-11-30,261.1667,,,87.09409
Canada,2023-12-01,261.2386,,,87.16438
Canada,2023-12-02,261.303,,,87.227196
Canada,2023-12-03,261.33737,,,87.26024
Canada,2023-12-04,261.35266,,,87.275055
Canada,2023-12-05,261.403,,,87.32434
Canada,2023-12-06,261.75668,,,87.419876
Canada,2023-12-07,261.83783,,,87.51427
Canada,2023-12-08,261.89523,,,87.57012
Canada,2023-12-09,261.95398,,,87.62733
Canada,2023-12-10,261.98862,,,87.66054
Canada,2023-12-11,262.16367,,,87.69987
Canada,2023-12-12,262.2335,,,87.75254
Canada,2023-12-13,262.30154,,,87.80171
Canada,2023-12-14,262.3648,,,87.87371
Canada,2023-12-15,262.41022,,,87.91823
Canada,2023-12-16,262.45486,,,87.9616
Canada,2023-12-17,262.47757,,,87.983345
Canada,2023-12-18,262.48816,,,87.99358
Canada,2023-12-19,262.52454,,,88.028946
Canada,2023-12-20,262.75897,,,88.09406
Canada,2023-12-27,262.87247,,,88.11277
Canada,2023-12-28,263.0207,,,88.26867
Canada,2023-12-29,263.03867,,,88.28592
Canada,2023-12-30,263.0549,,,88.30143
Canada,2023-12-31,263.06165,,,88.30777
Canada,2024-01-01,263.0641,,,88.31011
Canada,2024-01-02,263.06512,,,88.31111
Canada,2024-01-03,263.12924,,,88.333145
Canada,2024-01-04,263.15656,,,88.37661
Canada,2024-01-05,263.17667,,,88.39599
Canada,2024-01-06,263.1978,,,88.416176
Canada,2024-01-07,263.2077,,,88.42542
Canada,2024-01-08,263.21198,,,88.42951
Canada,2024-01-09,263.2257,,,88.44264
Canada,2024-01-10,263.30112,,,88.46441
Canada,2024-01-11,263.32025,,,88.49064
Canada,2024-01-12,263.33304,,,88.50311
Canada,2024-01-13,263.34827,,,88.51759
Canada,2024-01-14,263.35437,,,88.523384
Canada,2024-01-15,263.35773,,,88.52659
Canada,2024-01-16,263.36755,,,88.53574
Canada,2024-01-17,263.42615,,,88.552666
Canada,2024-01-18,263.44266,,,88.57819
Canada,2024-01-19,263.4528,,,88.58799
Canada,2024-01-20,263.4634,,,88.59789
Canada,2024-01-21,263.46854,,,88.602615
Canada,2024-01-22,263.47064,,,88.604576
Canada,2024-01-23,263.515,,,88.61794
Canada,2024-01-24,263.52148,,,88.62399
Canada,2024-01-25,263.53445,,,88.64359
Canada,2024-01-26,263.54175,,,88.6505
Canada,2024-01-27,263.54938,,,88.65765
Canada,2024-01-28,263.55322,,,88.66121
Canada,2024-01-29,263.5548,,,88.66269
Canada,2024-01-30,263.56064,,,88.66813
Canada,2024-01-31,263.56653,,,88.67361
Canada,2024-02-01,263.57782,,,88.69042
Canada,2024-02-02,263.58322,,,88.69557
Canada,2024-02-03,263.58984,,,88.701775
Canada,2024-02-04,263.59277,,,88.70445
Canada,2024-02-05,263.5943,,,88.70586
Canada,2024-02-06,263.63992,,,88.717224
Canada,2024-02-07,263.64453,,,88.72151
Canada,2024-02-08,263.6538,,,88.753044
Canada,2024-02-09,263.65878,,,88.75776
Canada,2024-02-10,263.66403,,,88.76254
Canada,2024-02-11,263.66638,,,88.76471
Canada,2024-02-12,263.66742,,,88.76568
Canada,2024-02-13,263.68622,,,88.77215
Canada,2024-02-14,263.68973,,,88.77539
Canada,2024-02-15,263.69574,,,88.78915
Canada,2024-02-16,263.69894,,,88.79232
Canada,2024-02-17,263.70364,,,88.79669
Canada,2024-02-18,263.70544,,,88.79832
Canada,2024-02-19,263.70633,,,88.799126
Canada,2024-02-20,263.71933,,,88.801704
Canada,2024-02-21,263.72293,,,88.804955
Canada,2024-02-22,263.7296,,,88.82111
Canada,2024-02-23,263.73346,,,88.824844
Canada,2024-02-24,263.7377,,,88.82877
Canada,2024-02-25,263.7394,,,88.830376
Canada,2024-02-26,263.7404,,,88.83131
Canada,2024-02-27,263.74374,,,88.83434
Canada,2024-02-28,263.7558,,,88.83799
Canada,2024-02-29,263.76227,,,88.85035
Canada,2024-03-01,263.7651,,,88.852936
Canada,2024-03-02,263.7688,,,88.856384
Canada,2024-03-03,263.7705,,,88.858
Canada,2024-03-04,263.7714,,,88.85882
Canada,2024-03-05,263.77414,,,88.86136
Canada,2024-03-06,263.7769,,,88.86392
Canada,2024-03-07,263.78232,,,88.889084
Canada,2024-03-08,263.78503,,,88.8916
Canada,2024-03-09,263.78815,,,88.894516
Canada,2024-03-10,263.78986,,,88.89613
Canada,2024-03-11,263.79056,,,88.89678
Canada,2024-03-12,263.79324,,,88.89922
Canada,2024-03-13,263.8138,,,88.90369
Canada,2024-03-14,263.81885,,,88.91797
Canada,2024-03-15,263.82175,,,88.92072
Canada,2024-03-16,263.82486,,,88.92364
Canada,2024-03-17,263.82614,,,88.924835
Canada,2024-03-18,263.82666,,,88.92532
Canada,2024-03-19,263.83707,,,88.92868
Canada,2024-03-20,263.83914,,,88.9306
Canada,2024-03-21,263.84314,,,88.942764
Canada,2024-03-22,263.84558,,,88.94502
Canada,2024-03-23,263.84805,,,88.94731
Canada,2024-03-24,263.84912,,,88.94828
Canada,2024-03-25,263.85904,,,88.94987
Canada,2024-03-26,263.86136,,,88.951965
Canada,2024-03-27,263.86322,,,88.95366
Canada,2024-03-28,263.86685,,,88.96336
Canada,2024-03-29,263.86935,,,88.96565
Canada,2024-03-30,263.8698,,,88.96609
Canada,2024-03-31,263.8707,,,88.96689
Canada,2024-04-01,263.8709,,,88.96709
Canada,2024-04-02,263.87256,,,88.96862
Canada,2024-04-03,263.88135,,,88.97141
Canada,2024-04-04,263.8862,,,88.98052
Canada,2024-04-05,263.8885,,,88.982704
Canada,2024-04-06,263.89127,,,88.98531
Canada,2024-04-07,263.89267,,,88.98657
Canada,2024-04-08,263.89355,,,88.98744
Canada,2024-04-09,263.90485,,,88.9905
Canada,2024-04-10,263.90762,,,88.99315
Canada,2024-04-11,263.91577,,,89.009254
Canada,2024-04-12,263.91888,,,89.01242
Canada,2024-04-13,263.92276,,,89.01616
Canada,2024-04-14,263.9246,,,89.01788
Canada,2024-04-15,263.92563,,,89.0189
Canada,2024-04-16,263.9298,,,89.02295
Canada,2024-04-17,263.95483,,,89.02787
Canada,2024-04-18,263.96506,,,89.04523
Canada,2024-04-19,263.9703,,,89.050575
Canada,2024-04-20,263.97485,,,89.05499
Canada,2024-04-21,263.9767,,,89.056786
Canada,2024-04-22,263.97757,,,89.057594
Canada,2024-04-23,264.0072,,,89.064026
Canada,2024-04-24,264.01196,,,89.06865
Canada,2024-04-25,264.02078,,,89.08374
Canada,2024-04-26,264.02756,,,89.09034
Canada,2024-04-27,264.03326,,,89.095856
Canada,2024-04-28,264.03568,,,89.09816
Canada,2024-04-29,264.06454,,,89.1003
Canada,2024-04-30,264.0703,,,89.105865
Canada,2024-05-01,264.0759,,,89.11126
Canada,2024-05-02,264.0882,,,89.12822
Canada,2024-05-03,264.0954,,,89.13526
Canada,2024-05-04,264.10486,,,89.14451
Canada,2024-05-05,264.1085,,,89.1481
Canada,2024-05-06,264.11017,,,89.14975
Canada,2024-05-07,264.12057,,,89.159996
Canada,2024-05-08,264.1632,,,89.1736
Canada,2024-05-14,264.19608,,,89.175095
Canada,2024-05-16,264.3176,,,89.320244
Canada,2024-05-17,264.33936,,,89.34194
Canada,2024-05-18,264.3576,,,89.36017
Canada,2024-05-19,264.3633,,,89.36582
Canada,2024-05-20,264.36575,,,89.36822
Canada,2024-05-21,264.36798,,,89.370445
Canada,2024-05-22,264.3839,,,89.38616
Canada,2024-05-23,264.41043,,,89.41861
Canada,2024-05-24,264.4289,,,89.4371
Canada,2024-05-25,264.44308,,,89.45112
Canada,2024-05-26,264.44687,,,89.454834
Canada,2024-05-27,264.44876,,,89.456696
Canada,2024-05-28,264.4624,,,89.47016
Canada,2024-05-29,264.47705,,,89.48461
Canada,2024-05-30,264.56274,,,89.51947
Canada,2024-05-31,264.579,,,89.53557
Canada,2024-06-01,264.5932,,,89.549576
Canada,2024-06-02,264.59665,,,89.55295
Canada,2024-06-03,264.5979,,,89.554184
Canada,2024-06-04,264.60898,,,89.56504
Canada,2024-06-05,264.62064,,,89.57649
Canada,2024-06-12,264.68002,,,89.57929
Canada,2024-06-17,264.70224,,,89.58055
Canada,2024-06-20,264.84674,,,89.75324
Canada,2024-06-21,264.85568,,,89.76221
Canada,2024-06-22,264.86298,,,89.76935
Canada,2024-06-23,264.8652,,,89.77152
Canada,2024-06-24,264.86606,,,89.77234
Canada,2024-06-25,264.87213,,,89.77823
Canada,2024-06-26,264.89334,,,
Canada,2024-06-28,264.91418,,,89.78338
Canada,2024-06-29,264.92105,,,89.783455
Canada,2024-06-30,264.92276,,,89.7835
Canada,2024-07-01,264.93503,,,89.78412
Canada,2024-07-02,264.9355,,,89.78413
Canada,2024-07-03,264.94016,,,89.78421
Canada,2024-07-04,264.9502,,,89.85172
Canada,2024-07-05,264.95566,,,89.85731
Canada,2024-07-06,264.9611,,,89.86261
Canada,2024-07-07,264.96252,,,89.863945
Canada,2024-07-08,264.9741,,,89.865326
Canada,2024-07-09,264.97803,,,89.86914
Canada,2024-07-10,264.98184,,,89.87285
Canada,2024-07-15,264.99222,,,89.87361
Canada,2024-07-24,265.00247,,,89.87429
Canada,2022-08-11,,,81.172386,60.932728
Canada,2023-06-10,,,,81.613914
Canada,2023-06-11,,,,81.61873
Canada,2023-06-12,,,,81.62029
Canada,2023-06-13,,,,81.6304
